mes_objetivo,cod_filial,pais,canal,segmento,rank_segmento,sku,marca,atc1,tipo_venta,ciclo_vida,precio_lista_usd,descuento_pct,precio_neto,margen_unitario,elasticidad,nivel_estimacion,indice_estacional,aporte_margen_pct,dias_cobertura,unidades_por_vencer,demanda_esperada,prob_aceptacion,riesgo_devolucion,margen_esperado_usd,valor_rescate_usd,objetivo,objetivo_sin_oferta,ganancia_vs_sin_oferta_usd,en_borde_de_soporte,justificativo,id_filial,id_producto
2026-01,AR,Argentina,Distribuidor,A,1.0,ADM-0114,Adium K114,C,Ético (Rx),Crecimiento,22.27,0.22,17.37,10.33,-2.882,Producto,1.0,0.00834,46.1,0.0,197.0,0.8043,0.1008,1640.58,0.0,1475.27,1358.35,116.92,1,"Elasticidad estimada -2.88 (nivel producto), con margen unitario de usd 10.33 (59% sobre precio neto); probabilidad de aceptación estimada 80%; riesgo de devolución controlado (10%). El 22% maximiza el margen esperado neto: USD 1,475 contra USD 1,358 sin oferta (+USD 117). NOTA: el óptimo cae en el borde del rango de descuentos con evidencia histórica. El modelo NO extrapola más allá — si se quiere explorar un descuento mayor, corresponde un test controlado sobre un subconjunto de clientes antes de generalizar.",2,114
2026-01,AR,Argentina,Distribuidor,A,2.0,ADM-0067,Adium P067,N,Ético (Rx),Crecimiento,41.72,0.22,32.54,15.63,-2.771,Producto,1.05,0.00193,42.2,0.0,27.0,0.8732,0.2567,371.41,0.0,276.09,273.64,2.45,1,"Elasticidad estimada -2.77 (nivel producto), con margen unitario de usd 15.63 (48% sobre precio neto); probabilidad de aceptación estimada 87%; riesgo de devolución alto (26%): condicionar la oferta a que el cliente no supere su cobertura objetivo. El 22% maximiza el margen esperado neto: USD 276 contra USD 274 sin oferta (+USD 2). NOTA: el óptimo cae en el borde del rango de descuentos con evidencia histórica. El modelo NO extrapola más allá — si se quiere explorar un descuento mayor, corresponde un test controlado sobre un subconjunto de clientes antes de generalizar.",2,67
2026-01,AR,Argentina,Distribuidor,A,3.0,ADM-0075,Adium X075,N,Ético (Rx),Madurez,6.11,0.22,4.77,1.99,-1.124,Producto,1.05,0.00047,67.6,348.0,57.0,0.7481,0.2878,85.1,119.14,179.75,113.07,66.68,1,"348 unidades vencen en menos de 180 días (usd 119 rescatables); elasticidad estimada -1.12 (nivel producto), con margen unitario de usd 1.99 (42% sobre precio neto); probabilidad de aceptación estimada 75%; riesgo de devolución alto (29%): condicionar la oferta a que el cliente no supere su cobertura objetivo. El 22% maximiza el margen esperado neto: USD 180 contra USD 113 sin oferta (+USD 67). NOTA: el óptimo cae en el borde del rango de descuentos con evidencia histórica. El modelo NO extrapola más allá — si se quiere explorar un descuento mayor, corresponde un test controlado sobre un subconjunto de clientes antes de generalizar.",2,75
2026-01,AR,Argentina,Distribuidor,A,4.0,ADM-0119,Adium P119,C,Ético (Rx),Crecimiento,11.71,0.22,9.13,4.33,-2.525,Producto,1.0,0.00054,30.0,0.0,27.0,0.893,0.1359,102.67,0.0,88.71,87.89,0.82,1,"Elasticidad estimada -2.52 (nivel producto), con margen unitario de usd 4.33 (47% sobre precio neto); probabilidad de aceptación estimada 89%; riesgo de devolución controlado (14%). El 22% maximiza el margen esperado neto: USD 89 contra USD 88 sin oferta (+USD 1). NOTA: el óptimo cae en el borde del rango de descuentos con evidencia histórica. El modelo NO extrapola más allá — si se quiere explorar un descuento mayor, corresponde un test controlado sobre un subconjunto de clientes antes de generalizar.",2,119
2026-01,AR,Argentina,Distribuidor,B,1.0,ADM-0114,Adium K114,C,Ético (Rx),Crecimiento,22.27,0.22,17.37,10.33,-2.882,Producto,1.0,0.00834,46.1,0.0,132.0,0.7778,0.1008,1060.41,0.0,953.56,907.91,45.65,1,"Elasticidad estimada -2.88 (nivel producto), con margen unitario de usd 10.33 (59% sobre precio neto); probabilidad de aceptación estimada 78%; riesgo de devolución controlado (10%). El 22% maximiza el margen esperado neto: USD 954 contra USD 908 sin oferta (+USD 46). NOTA: el óptimo cae en el borde del rango de descuentos con evidencia histórica. El modelo NO extrapola más allá — si se quiere explorar un descuento mayor, corresponde un test controlado sobre un subconjunto de clientes antes de generalizar.",2,114
2026-01,AR,Argentina,Distribuidor,C,1.0,ADM-0114,Adium K114,C,Ético (Rx),Crecimiento,22.27,0.22,17.37,10.33,-2.882,Producto,1.0,0.00834,46.1,0.0,129.0,0.8043,0.1008,1071.05,0.0,963.13,886.8,76.33,1,"Elasticidad estimada -2.88 (nivel producto), con margen unitario de usd 10.33 (59% sobre precio neto); probabilidad de aceptación estimada 80%; riesgo de devolución controlado (10%). El 22% maximiza el margen esperado neto: USD 963 contra USD 887 sin oferta (+USD 76). NOTA: el óptimo cae en el borde del rango de descuentos con evidencia histórica. El modelo NO extrapola más allá — si se quiere explorar un descuento mayor, corresponde un test controlado sobre un subconjunto de clientes antes de generalizar.",2,114
2026-01,AR,Argentina,Farmacia Cadena,A,1.0,ADM-0114,Adium K114,C,Ético (Rx),Crecimiento,22.27,0.22,17.37,10.33,-2.882,Producto,1.0,0.00834,46.1,0.0,87.0,0.8043,0.1008,719.7,0.0,647.18,595.89,51.29,1,"Elasticidad estimada -2.88 (nivel producto), con margen unitario de usd 10.33 (59% sobre precio neto); probabilidad de aceptación estimada 80%; riesgo de devolución controlado (10%). El 22% maximiza el margen esperado neto: USD 647 contra USD 596 sin oferta (+USD 51). NOTA: el óptimo cae en el borde del rango de descuentos con evidencia histórica. El modelo NO extrapola más allá — si se quiere explorar un descuento mayor, corresponde un test controlado sobre un subconjunto de clientes antes de generalizar.",2,114
2026-01,AR,Argentina,Farmacia Cadena,A,2.0,ADM-0057,Adium F057,L,Ético (Rx),Madurez,7.68,0.2,6.14,2.88,-0.449,Producto,1.0,0.00135,35.6,39.0,26.0,0.8732,0.2986,64.96,73.43,118.99,79.44,39.55,0,"39 unidades vencen en menos de 180 días (usd 73 rescatables); elasticidad estimada -0.45 (nivel producto), con margen unitario de usd 2.88 (47% sobre precio neto); probabilidad de aceptación estimada 87%; riesgo de devolución alto (30%): condicionar la oferta a que el cliente no supere su cobertura objetivo. El 20% maximiza el margen esperado neto: USD 119 contra USD 79 sin oferta (+USD 40).",2,57
2026-01,AR,Argentina,Farmacia Cadena,B,1.0,ADM-0114,Adium K114,C,Ético (Rx),Crecimiento,22.27,0.22,17.37,10.33,-2.882,Producto,1.0,0.00834,46.1,0.0,58.0,0.7481,0.1008,445.38,0.0,400.51,396.48,4.03,1,"Elasticidad estimada -2.88 (nivel producto), con margen unitario de usd 10.33 (59% sobre precio neto); probabilidad de aceptación estimada 75%; riesgo de devolución controlado (10%). El 22% maximiza el margen esperado neto: USD 401 contra USD 396 sin oferta (+USD 4). NOTA: el óptimo cae en el borde del rango de descuentos con evidencia histórica. El modelo NO extrapola más allá — si se quiere explorar un descuento mayor, corresponde un test controlado sobre un subconjunto de clientes antes de generalizar.",2,114
2026-01,AR,Argentina,Farmacia Cadena,B,2.0,ADM-0103,Adium Z103,R,Ético (Rx),Lanzamiento,30.26,0.18,24.81,10.72,-1.203,Producto,0.8,0.01594,44.8,10.0,27.0,0.7075,0.1314,203.87,140.9,317.99,306.86,11.13,0,"Está fuera de temporada (índice 0.80), por eso el descuento compensa la menor demanda natural; 10 unidades vencen en menos de 180 días (usd 141 rescatables); elasticidad estimada -1.20 (nivel producto), con margen unitario de usd 10.72 (43% sobre precio neto); probabilidad de aceptación estimada 71%; riesgo de devolución controlado (13%). El 18% maximiza el margen esperado neto: USD 318 contra USD 307 sin oferta (+USD 11).",2,103
2026-01,AR,Argentina,Farmacia Cadena,B,3.0,ADM-0057,Adium F057,L,Ético (Rx),Madurez,7.68,0.22,5.99,2.73,-0.449,Producto,1.0,0.00135,35.6,39.0,40.0,0.8043,0.3055,86.76,103.59,163.84,120.3,43.54,1,"39 unidades vencen en menos de 180 días (usd 104 rescatables); elasticidad estimada -0.45 (nivel producto), con margen unitario de usd 2.73 (46% sobre precio neto); probabilidad de aceptación estimada 80%; riesgo de devolución alto (31%): condicionar la oferta a que el cliente no supere su cobertura objetivo. El 22% maximiza el margen esperado neto: USD 164 contra USD 120 sin oferta (+USD 44). NOTA: el óptimo cae en el borde del rango de descuentos con evidencia histórica. El modelo NO extrapola más allá — si se quiere explorar un descuento mayor, corresponde un test controlado sobre un subconjunto de clientes antes de generalizar.",2,57
2026-01,AR,Argentina,Farmacia Cadena,C,1.0,ADM-0114,Adium K114,C,Ético (Rx),Crecimiento,22.27,0.22,17.37,10.33,-2.882,Producto,1.0,0.00834,46.1,0.0,64.0,0.8043,0.1008,532.69,0.0,479.02,441.05,37.96,1,"Elasticidad estimada -2.88 (nivel producto), con margen unitario de usd 10.33 (59% sobre precio neto); probabilidad de aceptación estimada 80%; riesgo de devolución controlado (10%). El 22% maximiza el margen esperado neto: USD 479 contra USD 441 sin oferta (+USD 38). NOTA: el óptimo cae en el borde del rango de descuentos con evidencia histórica. El modelo NO extrapola más allá — si se quiere explorar un descuento mayor, corresponde un test controlado sobre un subconjunto de clientes antes de generalizar.",2,114
2026-01,AR,Argentina,Farmacia Cadena,C,2.0,ADM-0103,Adium Z103,R,Ético (Rx),Lanzamiento,30.26,0.18,24.81,10.72,-1.203,Producto,0.8,0.01594,44.8,10.0,29.0,0.7481,0.1314,230.85,140.9,341.43,328.61,12.82,0,"Está fuera de temporada (índice 0.80), por eso el descuento compensa la menor demanda natural; 10 unidades vencen en menos de 180 días (usd 141 rescatables); elasticidad estimada -1.20 (nivel producto), con margen unitario de usd 10.72 (43% sobre precio neto); probabilidad de aceptación estimada 75%; riesgo de devolución controlado (13%). El 18% maximiza el margen esperado neto: USD 341 contra USD 329 sin oferta (+USD 13).",2,103
2026-01,AR,Argentina,Farmacia Cadena,C,3.0,ADM-0057,Adium F057,L,Ético (Rx),Madurez,7.68,0.2,6.14,2.88,-0.449,Producto,1.0,0.00135,35.6,39.0,4.0,0.8732,0.2986,11.14,12.59,20.4,13.62,6.78,0,"39 unidades vencen en menos de 180 días (usd 13 rescatables); elasticidad estimada -0.45 (nivel producto), con margen unitario de usd 2.88 (47% sobre precio neto); probabilidad de aceptación estimada 87%; riesgo de devolución alto (30%): condicionar la oferta a que el cliente no supere su cobertura objetivo. El 20% maximiza el margen esperado neto: USD 20 contra USD 14 sin oferta (+USD 7).",2,57
2026-01,AR,Argentina,Farmacia Independiente,A,1.0,ADM-0114,Adium K114,C,Ético (Rx),Crecimiento,22.27,0.22,17.37,10.33,-2.882,Producto,1.0,0.00834,46.1,0.0,203.0,0.8636,0.1008,1813.35,0.0,1630.64,1398.24,232.41,1,"Elasticidad estimada -2.88 (nivel producto), con margen unitario de usd 10.33 (59% sobre precio neto); probabilidad de aceptación estimada 86%; riesgo de devolución controlado (10%). El 22% maximiza el margen esperado neto: USD 1,631 contra USD 1,398 sin oferta (+USD 232). NOTA: el óptimo cae en el borde del rango de descuentos con evidencia histórica. El modelo NO extrapola más allá — si se quiere explorar un descuento mayor, corresponde un test controlado sobre un subconjunto de clientes antes de generalizar.",2,114
2026-01,AR,Argentina,Farmacia Independiente,B,1.0,ADM-0114,Adium K114,C,Ético (Rx),Crecimiento,22.27,0.22,17.37,10.33,-2.882,Producto,1.0,0.00834,46.1,0.0,172.0,0.8043,0.1008,1428.07,0.0,1284.18,1182.4,101.78,1,"Elasticidad estimada -2.88 (nivel producto), con margen unitario de usd 10.33 (59% sobre precio neto); probabilidad de aceptación estimada 80%; riesgo de devolución controlado (10%). El 22% maximiza el margen esperado neto: USD 1,284 contra USD 1,182 sin oferta (+USD 102). NOTA: el óptimo cae en el borde del rango de descuentos con evidencia histórica. El modelo NO extrapola más allá — si se quiere explorar un descuento mayor, corresponde un test controlado sobre un subconjunto de clientes antes de generalizar.",2,114
2026-01,AR,Argentina,Farmacia Independiente,B,2.0,ADM-0057,Adium F057,L,Ético (Rx),Madurez,7.68,0.22,5.99,2.73,-0.449,Producto,1.0,0.00135,35.6,39.0,17.0,0.8732,0.3055,40.43,48.28,76.36,51.64,24.72,1,"39 unidades vencen en menos de 180 días (usd 48 rescatables); elasticidad estimada -0.45 (nivel producto), con margen unitario de usd 2.73 (46% sobre precio neto); probabilidad de aceptación estimada 87%; riesgo de devolución alto (31%): condicionar la oferta a que el cliente no supere su cobertura objetivo. El 22% maximiza el margen esperado neto: USD 76 contra USD 52 sin oferta (+USD 25). NOTA: el óptimo cae en el borde del rango de descuentos con evidencia histórica. El modelo NO extrapola más allá — si se quiere explorar un descuento mayor, corresponde un test controlado sobre un subconjunto de clientes antes de generalizar.",2,57
2026-01,AR,Argentina,Farmacia Independiente,C,1.0,ADM-0114,Adium K114,C,Ético (Rx),Crecimiento,22.27,0.22,17.37,10.33,-2.882,Producto,1.0,0.00834,46.1,0.0,24.0,0.8732,0.1008,218.42,0.0,196.41,166.57,29.85,1,"Elasticidad estimada -2.88 (nivel producto), con margen unitario de usd 10.33 (59% sobre precio neto); probabilidad de aceptación estimada 87%; riesgo de devolución controlado (10%). El 22% maximiza el margen esperado neto: USD 196 contra USD 167 sin oferta (+USD 30). NOTA: el óptimo cae en el borde del rango de descuentos con evidencia histórica. El modelo NO extrapola más allá — si se quiere explorar un descuento mayor, corresponde un test controlado sobre un subconjunto de clientes antes de generalizar.",2,114
2026-01,AR,Argentina,Farmacia Independiente,C,2.0,ADM-0067,Adium P067,N,Ético (Rx),Crecimiento,41.72,0.22,32.54,15.63,-2.771,Producto,1.05,0.00193,42.2,0.0,13.0,0.8732,0.2567,181.18,0.0,134.68,133.48,1.19,1,"Elasticidad estimada -2.77 (nivel producto), con margen unitario de usd 15.63 (48% sobre precio neto); probabilidad de aceptación estimada 87%; riesgo de devolución alto (26%): condicionar la oferta a que el cliente no supere su cobertura objetivo. El 22% maximiza el margen esperado neto: USD 135 contra USD 133 sin oferta (+USD 1). NOTA: el óptimo cae en el borde del rango de descuentos con evidencia histórica. El modelo NO extrapola más allá — si se quiere explorar un descuento mayor, corresponde un test controlado sobre un subconjunto de clientes antes de generalizar.",2,67
2026-01,AR,Argentina,Farmacia Independiente,C,3.0,ADM-0057,Adium F057,L,Ético (Rx),Madurez,7.68,0.18,6.3,3.04,-0.449,Producto,1.0,0.00135,35.6,39.0,19.0,0.8732,0.2917,50.27,53.95,89.55,59.01,30.53,0,"39 unidades vencen en menos de 180 días (usd 54 rescatables); elasticidad estimada -0.45 (nivel producto), con margen unitario de usd 3.04 (48% sobre precio neto); probabilidad de aceptación estimada 87%; riesgo de devolución alto (29%): condicionar la oferta a que el cliente no supere su cobertura objetivo. El 18% maximiza el margen esperado neto: USD 90 contra USD 59 sin oferta (+USD 31).",2,57
2026-01,AR,Argentina,Institucional,C,1.0,ADM-0103,Adium Z103,R,Ético (Rx),Lanzamiento,30.26,0.18,24.81,10.72,-1.203,Producto,0.8,0.01594,44.8,10.0,34.0,0.8043,0.1314,290.18,140.9,392.96,384.18,8.78,0,"Está fuera de temporada (índice 0.80), por eso el descuento compensa la menor demanda natural; 10 unidades vencen en menos de 180 días (usd 141 rescatables); elasticidad estimada -1.20 (nivel producto), con margen unitario de usd 10.72 (43% sobre precio neto); probabilidad de aceptación estimada 80%; riesgo de devolución controlado (13%). El 18% maximiza el margen esperado neto: USD 393 contra USD 384 sin oferta (+USD 9).",2,103
2026-01,CL,Chile,Farmacia Cadena,C,1.0,ADM-0038,Adium M038,N,Ético (Rx),Madurez,71.66,0.2,57.33,16.1,-1.828,Producto,1.05,0.00697,16.8,23.0,60.0,0.8571,0.5912,823.09,948.29,1284.78,882.7,402.09,0,"Atención: la cobertura es de solo 17 días — ofertar acá puede provocar quiebre de stock; 23 unidades vencen en menos de 180 días (usd 948 rescatables); elasticidad estimada -1.83 (nivel producto), con margen unitario de usd 16.10 (28% sobre precio neto); probabilidad de aceptación estimada 86%; riesgo de devolución alto (59%): condicionar la oferta a que el cliente no supere su cobertura objetivo. El 20% maximiza el margen esperado neto: USD 1,285 contra USD 883 sin oferta (+USD 402).",3,38
2026-01,CL,Chile,Farmacia Independiente,A,1.0,ADM-0099,Adium V099,A,OTC,Madurez,10.55,0.22,8.23,3.18,-2.788,Producto,1.02,0.00383,15.7,0.0,192.0,0.893,0.1009,544.77,0.0,489.79,487.93,1.86,1,"Atención: la cobertura es de solo 16 días — ofertar acá puede provocar quiebre de stock; elasticidad estimada -2.79 (nivel producto), con margen unitario de usd 3.18 (39% sobre precio neto); probabilidad de aceptación estimada 89%; riesgo de devolución controlado (10%). El 22% maximiza el margen esperado neto: USD 490 contra USD 488 sin oferta (+USD 2). NOTA: el óptimo cae en el borde del rango de descuentos con evidencia histórica. El modelo NO extrapola más allá — si se quiere explorar un descuento mayor, corresponde un test controlado sobre un subconjunto de clientes antes de generalizar.",3,99
2026-01,CL,Chile,Farmacia Independiente,B,1.0,ADM-0088,Adium K088,M,Ético (Rx),Madurez,57.9,0.22,45.16,34.33,-1.967,Producto,0.95,0.01548,28.3,0.0,36.0,0.8636,0.0969,1055.35,0.0,953.14,952.86,0.28,1,"Atención: la cobertura es de solo 28 días — ofertar acá puede provocar quiebre de stock; elasticidad estimada -1.97 (nivel producto), con margen unitario de usd 34.33 (76% sobre precio neto); probabilidad de aceptación estimada 86%; riesgo de devolución controlado (10%). El 22% maximiza el margen esperado neto: USD 953 contra USD 953 sin oferta (+USD 0). NOTA: el óptimo cae en el borde del rango de descuentos con evidencia histórica. El modelo NO extrapola más allá — si se quiere explorar un descuento mayor, corresponde un test controlado sobre un subconjunto de clientes antes de generalizar.",3,88
2026-01,CL,Chile,Farmacia Independiente,C,1.0,ADM-0099,Adium V099,A,OTC,Madurez,10.55,0.22,8.23,3.18,-2.788,Producto,1.02,0.00383,15.7,0.0,9.0,0.893,0.1009,24.59,0.0,22.11,22.02,0.08,1,"Atención: la cobertura es de solo 16 días — ofertar acá puede provocar quiebre de stock; elasticidad estimada -2.79 (nivel producto), con margen unitario de usd 3.18 (39% sobre precio neto); probabilidad de aceptación estimada 89%; riesgo de devolución controlado (10%). El 22% maximiza el margen esperado neto: USD 22 contra USD 22 sin oferta (+USD 0). NOTA: el óptimo cae en el borde del rango de descuentos con evidencia histórica. El modelo NO extrapola más allá — si se quiere explorar un descuento mayor, corresponde un test controlado sobre un subconjunto de clientes antes de generalizar.",3,99
2026-01,CL,Chile,Institucional,C,1.0,ADM-0088,Adium K088,M,Ético (Rx),Madurez,57.9,0.22,45.16,34.33,-1.967,Producto,0.95,0.01548,28.3,0.0,45.0,0.8732,0.0969,1360.33,0.0,1228.58,1214.71,13.87,1,"Atención: la cobertura es de solo 28 días — ofertar acá puede provocar quiebre de stock; elasticidad estimada -1.97 (nivel producto), con margen unitario de usd 34.33 (76% sobre precio neto); probabilidad de aceptación estimada 87%; riesgo de devolución controlado (10%). El 22% maximiza el margen esperado neto: USD 1,229 contra USD 1,215 sin oferta (+USD 14). NOTA: el óptimo cae en el borde del rango de descuentos con evidencia histórica. El modelo NO extrapola más allá — si se quiere explorar un descuento mayor, corresponde un test controlado sobre un subconjunto de clientes antes de generalizar.",3,88
2026-01,CL,Chile,Institucional,C,2.0,ADM-0099,Adium V099,A,OTC,Madurez,10.55,0.22,8.23,3.18,-2.788,Producto,1.02,0.00383,15.7,0.0,30.0,0.893,0.1009,86.07,0.0,77.38,77.09,0.29,1,"Atención: la cobertura es de solo 16 días — ofertar acá puede provocar quiebre de stock; elasticidad estimada -2.79 (nivel producto), con margen unitario de usd 3.18 (39% sobre precio neto); probabilidad de aceptación estimada 89%; riesgo de devolución controlado (10%). El 22% maximiza el margen esperado neto: USD 77 contra USD 77 sin oferta (+USD 0). NOTA: el óptimo cae en el borde del rango de descuentos con evidencia histórica. El modelo NO extrapola más allá — si se quiere explorar un descuento mayor, corresponde un test controlado sobre un subconjunto de clientes antes de generalizar.",3,99
2026-01,CO,Colombia,Distribuidor,A,1.0,ADM-0043,Adium R043,A,Ético (Rx),Madurez,8.68,0.22,6.77,2.85,-0.983,Producto,1.02,0.00891,82.0,2517.0,434.0,0.7481,0.4889,926.45,1274.1,1747.65,1264.86,482.8,1,"2,517 unidades vencen en menos de 180 días (usd 1,274 rescatables); elasticidad estimada -0.98 (nivel producto), con margen unitario de usd 2.85 (42% sobre precio neto); probabilidad de aceptación estimada 75%; riesgo de devolución alto (49%): condicionar la oferta a que el cliente no supere su cobertura objetivo. El 22% maximiza el margen esperado neto: USD 1,748 contra USD 1,265 sin oferta (+USD 483). NOTA: el óptimo cae en el borde del rango de descuentos con evidencia histórica. El modelo NO extrapola más allá — si se quiere explorar un descuento mayor, corresponde un test controlado sobre un subconjunto de clientes antes de generalizar.",6,43
2026-01,CO,Colombia,Distribuidor,A,2.0,ADM-0114,Adium K114,C,Ético (Rx),Crecimiento,22.27,0.22,17.37,10.33,-2.882,Producto,1.0,0.00805,53.8,0.0,130.0,0.7481,0.1086,1001.46,0.0,892.75,885.84,6.91,1,"Elasticidad estimada -2.88 (nivel producto), con margen unitario de usd 10.33 (59% sobre precio neto); probabilidad de aceptación estimada 75%; riesgo de devolución controlado (11%). El 22% maximiza el margen esperado neto: USD 893 contra USD 886 sin oferta (+USD 7). NOTA: el óptimo cae en el borde del rango de descuentos con evidencia histórica. El modelo NO extrapola más allá — si se quiere explorar un descuento mayor, corresponde un test controlado sobre un subconjunto de clientes antes de generalizar.",6,114
2026-01,CO,Colombia,Distribuidor,A,3.0,ADM-0012,Adium M012,C,Ético (Rx),Madurez,5.66,0.2,4.53,0.74,-1.821,Producto,1.0,0.00117,79.0,484.0,250.0,0.7075,0.1061,130.79,671.65,788.56,286.52,502.04,0,"484 unidades vencen en menos de 180 días (usd 672 rescatables); elasticidad estimada -1.82 (nivel producto), con margen unitario de usd 0.74 (16% sobre precio neto); probabilidad de aceptación estimada 71%; riesgo de devolución controlado (11%). El 20% maximiza el margen esperado neto: USD 789 contra USD 287 sin oferta (+USD 502).",6,12
2026-01,CO,Colombia,Distribuidor,A,4.0,ADM-0078,Adium A078,J,Ético (Rx),Madurez,14.21,0.22,11.08,6.72,-1.177,Producto,0.85,0.0044,73.0,52.0,78.0,0.6313,0.3078,329.82,213.87,442.17,439.08,3.09,1,"Está fuera de temporada (índice 0.85), por eso el descuento compensa la menor demanda natural; 52 unidades vencen en menos de 180 días (usd 214 rescatables); elasticidad estimada -1.18 (nivel producto), con margen unitario de usd 6.72 (61% sobre precio neto); probabilidad de aceptación estimada 63%; riesgo de devolución alto (31%): condicionar la oferta a que el cliente no supere su cobertura objetivo. El 22% maximiza el margen esperado neto: USD 442 contra USD 439 sin oferta (+USD 3). NOTA: el óptimo cae en el borde del rango de descuentos con evidencia histórica. El modelo NO extrapola más allá — si se quiere explorar un descuento mayor, corresponde un test controlado sobre un subconjunto de clientes antes de generalizar.",6,78
2026-01,CO,Colombia,Distribuidor,B,1.0,ADM-0114,Adium K114,C,Ético (Rx),Crecimiento,22.27,0.22,17.37,10.33,-2.882,Producto,1.0,0.00805,53.8,0.0,303.0,0.7481,0.1086,2342.88,0.0,2088.55,2072.4,16.16,1,"Elasticidad estimada -2.88 (nivel producto), con margen unitario de usd 10.33 (59% sobre precio neto); probabilidad de aceptación estimada 75%; riesgo de devolución controlado (11%). El 22% maximiza el margen esperado neto: USD 2,089 contra USD 2,072 sin oferta (+USD 16). NOTA: el óptimo cae en el borde del rango de descuentos con evidencia histórica. El modelo NO extrapola más allá — si se quiere explorar un descuento mayor, corresponde un test controlado sobre un subconjunto de clientes antes de generalizar.",6,114
2026-01,CO,Colombia,Distribuidor,B,2.0,ADM-0043,Adium R043,A,Ético (Rx),Madurez,8.68,0.22,6.77,2.85,-0.983,Producto,1.02,0.00891,82.0,2517.0,416.0,0.7075,0.4889,839.26,1154.19,1583.17,1211.59,371.59,1,"2,517 unidades vencen en menos de 180 días (usd 1,154 rescatables); elasticidad estimada -0.98 (nivel producto), con margen unitario de usd 2.85 (42% sobre precio neto); probabilidad de aceptación estimada 71%; riesgo de devolución alto (49%): condicionar la oferta a que el cliente no supere su cobertura objetivo. El 22% maximiza el margen esperado neto: USD 1,583 contra USD 1,212 sin oferta (+USD 372). NOTA: el óptimo cae en el borde del rango de descuentos con evidencia histórica. El modelo NO extrapola más allá — si se quiere explorar un descuento mayor, corresponde un test controlado sobre un subconjunto de clientes antes de generalizar.",6,43
2026-01,CO,Colombia,Distribuidor,B,3.0,ADM-0012,Adium M012,C,Ético (Rx),Madurez,5.66,0.2,4.53,0.74,-1.821,Producto,1.0,0.00117,79.0,484.0,267.0,0.6868,0.1061,135.47,695.69,816.78,305.7,511.08,0,"484 unidades vencen en menos de 180 días (usd 696 rescatables); elasticidad estimada -1.82 (nivel producto), con margen unitario de usd 0.74 (16% sobre precio neto); probabilidad de aceptación estimada 69%; riesgo de devolución controlado (11%). El 20% maximiza el margen esperado neto: USD 817 contra USD 306 sin oferta (+USD 511).",6,12
2026-01,CO,Colombia,Distribuidor,B,4.0,ADM-0075,Adium X075,N,Ético (Rx),Madurez,6.11,0.22,4.77,1.99,-1.124,Producto,1.05,0.00043,74.6,115.0,65.0,0.7075,0.5334,91.32,127.84,170.45,124.56,45.89,1,"115 unidades vencen en menos de 180 días (usd 128 rescatables); elasticidad estimada -1.12 (nivel producto), con margen unitario de usd 1.99 (42% sobre precio neto); probabilidad de aceptación estimada 71%; riesgo de devolución alto (53%): condicionar la oferta a que el cliente no supere su cobertura objetivo. El 22% maximiza el margen esperado neto: USD 170 contra USD 125 sin oferta (+USD 46). NOTA: el óptimo cae en el borde del rango de descuentos con evidencia histórica. El modelo NO extrapola más allá — si se quiere explorar un descuento mayor, corresponde un test controlado sobre un subconjunto de clientes antes de generalizar.",6,75
2026-01,CO,Colombia,Distribuidor,C,1.0,ADM-0012,Adium M012,C,Ético (Rx),Madurez,5.66,0.2,4.53,0.74,-1.821,Producto,1.0,0.00117,79.0,484.0,265.0,0.8043,0.1061,157.45,808.58,949.32,303.41,645.92,0,"484 unidades vencen en menos de 180 días (usd 809 rescatables); elasticidad estimada -1.82 (nivel producto), con margen unitario de usd 0.74 (16% sobre precio neto); probabilidad de aceptación estimada 80%; riesgo de devolución controlado (11%). El 20% maximiza el margen esperado neto: USD 949 contra USD 303 sin oferta (+USD 646).",6,12
2026-01,CO,Colombia,Distribuidor,C,2.0,ADM-0114,Adium K114,C,Ético (Rx),Crecimiento,22.27,0.22,17.37,10.33,-2.882,Producto,1.0,0.00805,53.8,0.0,65.0,0.8043,0.1086,541.19,0.0,482.44,445.25,37.19,1,"Elasticidad estimada -2.88 (nivel producto), con margen unitario de usd 10.33 (59% sobre precio neto); probabilidad de aceptación estimada 80%; riesgo de devolución controlado (11%). El 22% maximiza el margen esperado neto: USD 482 contra USD 445 sin oferta (+USD 37). NOTA: el óptimo cae en el borde del rango de descuentos con evidencia histórica. El modelo NO extrapola más allá — si se quiere explorar un descuento mayor, corresponde un test controlado sobre un subconjunto de clientes antes de generalizar.",6,114
2026-01,CO,Colombia,Distribuidor,C,3.0,ADM-0043,Adium R043,A,Ético (Rx),Madurez,8.68,0.22,6.77,2.85,-0.983,Producto,1.02,0.00891,82.0,2517.0,70.0,0.8043,0.4889,159.51,219.36,300.9,202.55,98.35,1,"2,517 unidades vencen en menos de 180 días (usd 219 rescatables); elasticidad estimada -0.98 (nivel producto), con margen unitario de usd 2.85 (42% sobre precio neto); probabilidad de aceptación estimada 80%; riesgo de devolución alto (49%): condicionar la oferta a que el cliente no supere su cobertura objetivo. El 22% maximiza el margen esperado neto: USD 301 contra USD 203 sin oferta (+USD 98). NOTA: el óptimo cae en el borde del rango de descuentos con evidencia histórica. El modelo NO extrapola más allá — si se quiere explorar un descuento mayor, corresponde un test controlado sobre un subconjunto de clientes antes de generalizar.",6,43
2026-01,CO,Colombia,Farmacia Cadena,A,1.0,ADM-0012,Adium M012,C,Ético (Rx),Madurez,5.66,0.2,4.53,0.74,-1.821,Producto,1.0,0.00117,79.0,484.0,206.0,0.7075,0.1061,107.79,553.56,649.91,236.14,413.77,0,"484 unidades vencen en menos de 180 días (usd 554 rescatables); elasticidad estimada -1.82 (nivel producto), con margen unitario de usd 0.74 (16% sobre precio neto); probabilidad de aceptación estimada 71%; riesgo de devolución controlado (11%). El 20% maximiza el margen esperado neto: USD 650 contra USD 236 sin oferta (+USD 414).",6,12
2026-01,CO,Colombia,Farmacia Cadena,A,2.0,ADM-0043,Adium R043,A,Ético (Rx),Madurez,8.68,0.22,6.77,2.85,-0.983,Producto,1.02,0.00891,82.0,2517.0,99.0,0.7075,0.4889,198.66,273.21,374.75,286.79,87.96,1,"2,517 unidades vencen en menos de 180 días (usd 273 rescatables); elasticidad estimada -0.98 (nivel producto), con margen unitario de usd 2.85 (42% sobre precio neto); probabilidad de aceptación estimada 71%; riesgo de devolución alto (49%): condicionar la oferta a que el cliente no supere su cobertura objetivo. El 22% maximiza el margen esperado neto: USD 375 contra USD 287 sin oferta (+USD 88). NOTA: el óptimo cae en el borde del rango de descuentos con evidencia histórica. El modelo NO extrapola más allá — si se quiere explorar un descuento mayor, corresponde un test controlado sobre un subconjunto de clientes antes de generalizar.",6,43
2026-01,CO,Colombia,Farmacia Cadena,B,1.0,ADM-0012,Adium M012,C,Ético (Rx),Madurez,5.66,0.2,4.53,0.74,-1.821,Producto,1.0,0.00117,79.0,484.0,501.0,0.6868,0.1061,253.94,1304.09,1531.08,573.04,958.04,0,"484 unidades vencen en menos de 180 días (usd 1,304 rescatables); elasticidad estimada -1.82 (nivel producto), con margen unitario de usd 0.74 (16% sobre precio neto); probabilidad de aceptación estimada 69%; riesgo de devolución controlado (11%). El 20% maximiza el margen esperado neto: USD 1,531 contra USD 573 sin oferta (+USD 958).",6,12
2026-01,CO,Colombia,Farmacia Cadena,B,2.0,ADM-0043,Adium R043,A,Ético (Rx),Madurez,8.68,0.22,6.77,2.85,-0.983,Producto,1.02,0.00891,82.0,2517.0,287.0,0.6868,0.4889,561.92,772.78,1060.0,835.6,224.4,1,"2,517 unidades vencen en menos de 180 días (usd 773 rescatables); elasticidad estimada -0.98 (nivel producto), con margen unitario de usd 2.85 (42% sobre precio neto); probabilidad de aceptación estimada 69%; riesgo de devolución alto (49%): condicionar la oferta a que el cliente no supere su cobertura objetivo. El 22% maximiza el margen esperado neto: USD 1,060 contra USD 836 sin oferta (+USD 224). NOTA: el óptimo cae en el borde del rango de descuentos con evidencia histórica. El modelo NO extrapola más allá — si se quiere explorar un descuento mayor, corresponde un test controlado sobre un subconjunto de clientes antes de generalizar.",6,43
2026-01,CO,Colombia,Farmacia Cadena,C,1.0,ADM-0043,Adium R043,A,Ético (Rx),Madurez,8.68,0.22,6.77,2.85,-0.983,Producto,1.02,0.00891,82.0,2517.0,155.0,0.8043,0.4889,356.09,489.71,671.72,452.18,219.55,1,"2,517 unidades vencen en menos de 180 días (usd 490 rescatables); elasticidad estimada -0.98 (nivel producto), con margen unitario de usd 2.85 (42% sobre precio neto); probabilidad de aceptación estimada 80%; riesgo de devolución alto (49%): condicionar la oferta a que el cliente no supere su cobertura objetivo. El 22% maximiza el margen esperado neto: USD 672 contra USD 452 sin oferta (+USD 220). NOTA: el óptimo cae en el borde del rango de descuentos con evidencia histórica. El modelo NO extrapola más allá — si se quiere explorar un descuento mayor, corresponde un test controlado sobre un subconjunto de clientes antes de generalizar.",6,43
2026-01,CO,Colombia,Farmacia Cadena,C,2.0,ADM-0114,Adium K114,C,Ético (Rx),Crecimiento,22.27,0.22,17.37,10.33,-2.882,Producto,1.0,0.00805,53.8,0.0,48.0,0.7778,0.1086,383.61,0.0,341.97,326.36,15.61,1,"Elasticidad estimada -2.88 (nivel producto), con margen unitario de usd 10.33 (59% sobre precio neto); probabilidad de aceptación estimada 78%; riesgo de devolución controlado (11%). El 22% maximiza el margen esperado neto: USD 342 contra USD 326 sin oferta (+USD 16). NOTA: el óptimo cae en el borde del rango de descuentos con evidencia histórica. El modelo NO extrapola más allá — si se quiere explorar un descuento mayor, corresponde un test controlado sobre un subconjunto de clientes antes de generalizar.",6,114
2026-01,CO,Colombia,Farmacia Cadena,C,3.0,ADM-0078,Adium A078,J,Ético (Rx),Madurez,14.21,0.22,11.08,6.72,-1.177,Producto,0.85,0.0044,73.0,52.0,51.0,0.6868,0.3078,234.07,151.78,313.8,286.41,27.39,1,"Está fuera de temporada (índice 0.85), por eso el descuento compensa la menor demanda natural; 52 unidades vencen en menos de 180 días (usd 152 rescatables); elasticidad estimada -1.18 (nivel producto), con margen unitario de usd 6.72 (61% sobre precio neto); probabilidad de aceptación estimada 69%; riesgo de devolución alto (31%): condicionar la oferta a que el cliente no supere su cobertura objetivo. El 22% maximiza el margen esperado neto: USD 314 contra USD 286 sin oferta (+USD 27). NOTA: el óptimo cae en el borde del rango de descuentos con evidencia histórica. El modelo NO extrapola más allá — si se quiere explorar un descuento mayor, corresponde un test controlado sobre un subconjunto de clientes antes de generalizar.",6,78
2026-01,CO,Colombia,Farmacia Cadena,C,4.0,ADM-0012,Adium M012,C,Ético (Rx),Madurez,5.66,0.2,4.53,0.74,-1.821,Producto,1.0,0.00117,79.0,484.0,66.0,0.7778,0.1061,38.06,195.48,229.51,75.85,153.66,0,"484 unidades vencen en menos de 180 días (usd 195 rescatables); elasticidad estimada -1.82 (nivel producto), con margen unitario de usd 0.74 (16% sobre precio neto); probabilidad de aceptación estimada 78%; riesgo de devolución controlado (11%). El 20% maximiza el margen esperado neto: USD 230 contra USD 76 sin oferta (+USD 154).",6,12
2026-01,CO,Colombia,Farmacia Independiente,A,1.0,ADM-0043,Adium R043,A,Ético (Rx),Madurez,8.68,0.22,6.77,2.85,-0.983,Producto,1.02,0.00891,82.0,2517.0,456.0,0.7481,0.4889,972.73,1337.74,1834.95,1328.04,506.91,1,"2,517 unidades vencen en menos de 180 días (usd 1,338 rescatables); elasticidad estimada -0.98 (nivel producto), con margen unitario de usd 2.85 (42% sobre precio neto); probabilidad de aceptación estimada 75%; riesgo de devolución alto (49%): condicionar la oferta a que el cliente no supere su cobertura objetivo. El 22% maximiza el margen esperado neto: USD 1,835 contra USD 1,328 sin oferta (+USD 507). NOTA: el óptimo cae en el borde del rango de descuentos con evidencia histórica. El modelo NO extrapola más allá — si se quiere explorar un descuento mayor, corresponde un test controlado sobre un subconjunto de clientes antes de generalizar.",6,43
2026-01,CO,Colombia,Farmacia Independiente,A,2.0,ADM-0114,Adium K114,C,Ético (Rx),Crecimiento,22.27,0.22,17.37,10.33,-2.882,Producto,1.0,0.00805,53.8,0.0,41.0,0.8043,0.1086,340.02,0.0,303.11,279.74,23.37,1,"Elasticidad estimada -2.88 (nivel producto), con margen unitario de usd 10.33 (59% sobre precio neto); probabilidad de aceptación estimada 80%; riesgo de devolución controlado (11%). El 22% maximiza el margen esperado neto: USD 303 contra USD 280 sin oferta (+USD 23). NOTA: el óptimo cae en el borde del rango de descuentos con evidencia histórica. El modelo NO extrapola más allá — si se quiere explorar un descuento mayor, corresponde un test controlado sobre un subconjunto de clientes antes de generalizar.",6,114
2026-01,CO,Colombia,Farmacia Independiente,A,3.0,ADM-0012,Adium M012,C,Ético (Rx),Madurez,5.66,0.2,4.53,0.74,-1.821,Producto,1.0,0.00117,79.0,484.0,63.0,0.7481,0.1061,34.95,179.5,210.75,72.42,138.33,0,"484 unidades vencen en menos de 180 días (usd 180 rescatables); elasticidad estimada -1.82 (nivel producto), con margen unitario de usd 0.74 (16% sobre precio neto); probabilidad de aceptación estimada 75%; riesgo de devolución controlado (11%). El 20% maximiza el margen esperado neto: USD 211 contra USD 72 sin oferta (+USD 138).",6,12
2026-01,CO,Colombia,Farmacia Independiente,A,4.0,ADM-0078,Adium A078,J,Ético (Rx),Madurez,14.21,0.22,11.08,6.72,-1.177,Producto,0.85,0.0044,73.0,52.0,33.0,0.6868,0.3078,154.67,100.29,207.36,189.26,18.1,1,"Está fuera de temporada (índice 0.85), por eso el descuento compensa la menor demanda natural; 52 unidades vencen en menos de 180 días (usd 100 rescatables); elasticidad estimada -1.18 (nivel producto), con margen unitario de usd 6.72 (61% sobre precio neto); probabilidad de aceptación estimada 69%; riesgo de devolución alto (31%): condicionar la oferta a que el cliente no supere su cobertura objetivo. El 22% maximiza el margen esperado neto: USD 207 contra USD 189 sin oferta (+USD 18). NOTA: el óptimo cae en el borde del rango de descuentos con evidencia histórica. El modelo NO extrapola más allá — si se quiere explorar un descuento mayor, corresponde un test controlado sobre un subconjunto de clientes antes de generalizar.",6,78
2026-01,CO,Colombia,Farmacia Independiente,B,1.0,ADM-0043,Adium R043,A,Ético (Rx),Madurez,8.68,0.22,6.77,2.85,-0.983,Producto,1.02,0.00891,82.0,2517.0,85.0,0.7075,0.4889,171.2,235.44,322.95,247.15,75.8,1,"2,517 unidades vencen en menos de 180 días (usd 235 rescatables); elasticidad estimada -0.98 (nivel producto), con margen unitario de usd 2.85 (42% sobre precio neto); probabilidad de aceptación estimada 71%; riesgo de devolución alto (49%): condicionar la oferta a que el cliente no supere su cobertura objetivo. El 22% maximiza el margen esperado neto: USD 323 contra USD 247 sin oferta (+USD 76). NOTA: el óptimo cae en el borde del rango de descuentos con evidencia histórica. El modelo NO extrapola más allá — si se quiere explorar un descuento mayor, corresponde un test controlado sobre un subconjunto de clientes antes de generalizar.",6,43
2026-01,CO,Colombia,Farmacia Independiente,B,2.0,ADM-0012,Adium M012,C,Ético (Rx),Madurez,5.66,0.2,4.53,0.74,-1.821,Producto,1.0,0.00117,79.0,484.0,38.0,0.7075,0.1061,19.86,101.99,119.74,43.51,76.23,0,"484 unidades vencen en menos de 180 días (usd 102 rescatables); elasticidad estimada -1.82 (nivel producto), con margen unitario de usd 0.74 (16% sobre precio neto); probabilidad de aceptación estimada 71%; riesgo de devolución controlado (11%). El 20% maximiza el margen esperado neto: USD 120 contra USD 44 sin oferta (+USD 76).",6,12
2026-01,CO,Colombia,Farmacia Independiente,B,3.0,ADM-0114,Adium K114,C,Ético (Rx),Crecimiento,22.27,0.22,17.37,10.33,-2.882,Producto,1.0,0.00805,53.8,0.0,11.0,0.7481,0.1086,84.33,0.0,75.18,74.6,0.58,1,"Elasticidad estimada -2.88 (nivel producto), con margen unitario de usd 10.33 (59% sobre precio neto); probabilidad de aceptación estimada 75%; riesgo de devolución controlado (11%). El 22% maximiza el margen esperado neto: USD 75 contra USD 75 sin oferta (+USD 1). NOTA: el óptimo cae en el borde del rango de descuentos con evidencia histórica. El modelo NO extrapola más allá — si se quiere explorar un descuento mayor, corresponde un test controlado sobre un subconjunto de clientes antes de generalizar.",6,114
2026-01,CO,Colombia,Farmacia Independiente,C,1.0,ADM-0043,Adium R043,A,Ético (Rx),Madurez,8.68,0.22,6.77,2.85,-0.983,Producto,1.02,0.00891,82.0,2517.0,79.0,0.8043,0.4889,180.48,248.21,340.46,229.19,111.28,1,"2,517 unidades vencen en menos de 180 días (usd 248 rescatables); elasticidad estimada -0.98 (nivel producto), con margen unitario de usd 2.85 (42% sobre precio neto); probabilidad de aceptación estimada 80%; riesgo de devolución alto (49%): condicionar la oferta a que el cliente no supere su cobertura objetivo. El 22% maximiza el margen esperado neto: USD 340 contra USD 229 sin oferta (+USD 111). NOTA: el óptimo cae en el borde del rango de descuentos con evidencia histórica. El modelo NO extrapola más allá — si se quiere explorar un descuento mayor, corresponde un test controlado sobre un subconjunto de clientes antes de generalizar.",6,43
2026-01,CO,Colombia,Farmacia Independiente,C,2.0,ADM-0114,Adium K114,C,Ético (Rx),Crecimiento,22.27,0.22,17.37,10.33,-2.882,Producto,1.0,0.00805,53.8,0.0,21.0,0.8571,0.1086,187.22,0.0,166.9,144.53,22.36,1,"Elasticidad estimada -2.88 (nivel producto), con margen unitario de usd 10.33 (59% sobre precio neto); probabilidad de aceptación estimada 86%; riesgo de devolución controlado (11%). El 22% maximiza el margen esperado neto: USD 167 contra USD 145 sin oferta (+USD 22). NOTA: el óptimo cae en el borde del rango de descuentos con evidencia histórica. El modelo NO extrapola más allá — si se quiere explorar un descuento mayor, corresponde un test controlado sobre un subconjunto de clientes antes de generalizar.",6,114
2026-01,CO,Colombia,Farmacia Independiente,C,3.0,ADM-0012,Adium M012,C,Ético (Rx),Madurez,5.66,0.2,4.53,0.74,-1.821,Producto,1.0,0.00117,79.0,484.0,37.0,0.8043,0.1061,21.83,112.13,131.65,42.08,89.58,0,"484 unidades vencen en menos de 180 días (usd 112 rescatables); elasticidad estimada -1.82 (nivel producto), con margen unitario de usd 0.74 (16% sobre precio neto); probabilidad de aceptación estimada 80%; riesgo de devolución controlado (11%). El 20% maximiza el margen esperado neto: USD 132 contra USD 42 sin oferta (+USD 90).",6,12
2026-01,CO,Colombia,Institucional,B,1.0,ADM-0043,Adium R043,A,Ético (Rx),Madurez,8.68,0.22,6.77,2.85,-0.983,Producto,1.02,0.00891,82.0,2517.0,16.0,0.7075,0.4889,31.32,43.08,59.09,45.22,13.87,1,"2,517 unidades vencen en menos de 180 días (usd 43 rescatables); elasticidad estimada -0.98 (nivel producto), con margen unitario de usd 2.85 (42% sobre precio neto); probabilidad de aceptación estimada 71%; riesgo de devolución alto (49%): condicionar la oferta a que el cliente no supere su cobertura objetivo. El 22% maximiza el margen esperado neto: USD 59 contra USD 45 sin oferta (+USD 14). NOTA: el óptimo cae en el borde del rango de descuentos con evidencia histórica. El modelo NO extrapola más allá — si se quiere explorar un descuento mayor, corresponde un test controlado sobre un subconjunto de clientes antes de generalizar.",6,43
2026-01,CO,Colombia,Institucional,C,1.0,ADM-0043,Adium R043,A,Ético (Rx),Madurez,8.68,0.22,6.77,2.85,-0.983,Producto,1.02,0.00891,82.0,2517.0,45.0,0.8043,0.4889,103.41,142.22,195.08,131.32,63.76,1,"2,517 unidades vencen en menos de 180 días (usd 142 rescatables); elasticidad estimada -0.98 (nivel producto), con margen unitario de usd 2.85 (42% sobre precio neto); probabilidad de aceptación estimada 80%; riesgo de devolución alto (49%): condicionar la oferta a que el cliente no supere su cobertura objetivo. El 22% maximiza el margen esperado neto: USD 195 contra USD 131 sin oferta (+USD 64). NOTA: el óptimo cae en el borde del rango de descuentos con evidencia histórica. El modelo NO extrapola más allá — si se quiere explorar un descuento mayor, corresponde un test controlado sobre un subconjunto de clientes antes de generalizar.",6,43
2026-01,EC,Ecuador,Distribuidor,C,1.0,ADM-0084,Adium G084,R,Ético (Rx),Lanzamiento,7.56,0.22,5.9,3.29,-2.619,Producto,0.8,0.02269,43.6,9169.0,196.0,0.8043,0.1098,516.87,410.44,870.57,463.23,407.34,1,"Está fuera de temporada (índice 0.80), por eso el descuento compensa la menor demanda natural; 9,169 unidades vencen en menos de 180 días (usd 410 rescatables); el sku aporta el 2.3% del margen de la filial (está entre los que mueven la aguja); elasticidad estimada -2.62 (nivel producto), con margen unitario de usd 3.29 (56% sobre precio neto); probabilidad de aceptación estimada 80%; riesgo de devolución controlado (11%). El 22% maximiza el margen esperado neto: USD 871 contra USD 463 sin oferta (+USD 407). NOTA: el óptimo cae en el borde del rango de descuentos con evidencia histórica. El modelo NO extrapola más allá — si se quiere explorar un descuento mayor, corresponde un test controlado sobre un subconjunto de clientes antes de generalizar.",7,84
2026-01,EC,Ecuador,Distribuidor,C,2.0,ADM-0073,Adium V073,N,Ético (Rx),Crecimiento,8.44,0.06,7.93,1.32,-2.305,Producto,1.05,0.00203,41.0,1445.0,113.0,0.4568,0.2241,68.11,340.12,392.96,141.98,250.98,0,"1,445 unidades vencen en menos de 180 días (usd 340 rescatables); elasticidad estimada -2.30 (nivel producto), con margen unitario de usd 1.32 (17% sobre precio neto); probabilidad de aceptación estimada 46%; riesgo de devolución alto (22%): condicionar la oferta a que el cliente no supere su cobertura objetivo. El 6% maximiza el margen esperado neto: USD 393 contra USD 142 sin oferta (+USD 251).",7,73
2026-01,EC,Ecuador,Distribuidor,C,3.0,ADM-0064,Adium M064,N,Ético (Rx),Madurez,7.08,0.22,5.52,2.51,-1.709,Producto,1.05,0.00234,62.8,543.0,53.0,0.8043,0.089,107.62,128.94,226.98,132.28,94.7,1,"543 unidades vencen en menos de 180 días (usd 129 rescatables); elasticidad estimada -1.71 (nivel producto), con margen unitario de usd 2.51 (45% sobre precio neto); probabilidad de aceptación estimada 80%; riesgo de devolución controlado (9%). El 22% maximiza el margen esperado neto: USD 227 contra USD 132 sin oferta (+USD 95). NOTA: el óptimo cae en el borde del rango de descuentos con evidencia histórica. El modelo NO extrapola más allá — si se quiere explorar un descuento mayor, corresponde un test controlado sobre un subconjunto de clientes antes de generalizar.",7,64
2026-01,EC,Ecuador,Distribuidor,C,4.0,ADM-0114,Adium K114,C,Ético (Rx),Crecimiento,22.27,0.22,17.37,10.33,-2.882,Producto,1.0,0.0086,89.3,0.0,24.0,0.7481,0.1071,187.11,0.0,167.07,165.71,1.36,1,"Elasticidad estimada -2.88 (nivel producto), con margen unitario de usd 10.33 (59% sobre precio neto); probabilidad de aceptación estimada 75%; riesgo de devolución controlado (11%). El 22% maximiza el margen esperado neto: USD 167 contra USD 166 sin oferta (+USD 1). NOTA: el óptimo cae en el borde del rango de descuentos con evidencia histórica. El modelo NO extrapola más allá — si se quiere explorar un descuento mayor, corresponde un test controlado sobre un subconjunto de clientes antes de generalizar.",7,114
2026-01,EC,Ecuador,Farmacia Cadena,B,1.0,ADM-0084,Adium G084,R,Ético (Rx),Lanzamiento,7.56,0.22,5.9,3.29,-2.619,Producto,0.8,0.02269,43.6,9169.0,519.0,0.7481,0.1098,1275.69,1013.0,2148.67,1229.23,919.44,1,"Está fuera de temporada (índice 0.80), por eso el descuento compensa la menor demanda natural; 9,169 unidades vencen en menos de 180 días (usd 1,013 rescatables); el sku aporta el 2.3% del margen de la filial (está entre los que mueven la aguja); elasticidad estimada -2.62 (nivel producto), con margen unitario de usd 3.29 (56% sobre precio neto); probabilidad de aceptación estimada 75%; riesgo de devolución controlado (11%). El 22% maximiza el margen esperado neto: USD 2,149 contra USD 1,229 sin oferta (+USD 919). NOTA: el óptimo cae en el borde del rango de descuentos con evidencia histórica. El modelo NO extrapola más allá — si se quiere explorar un descuento mayor, corresponde un test controlado sobre un subconjunto de clientes antes de generalizar.",7,84
2026-01,EC,Ecuador,Farmacia Cadena,B,2.0,ADM-0073,Adium V073,N,Ético (Rx),Crecimiento,8.44,0.06,7.93,1.32,-2.305,Producto,1.05,0.00203,41.0,1445.0,140.0,0.3889,0.2241,71.83,358.71,414.44,175.9,238.55,0,"1,445 unidades vencen en menos de 180 días (usd 359 rescatables); elasticidad estimada -2.30 (nivel producto), con margen unitario de usd 1.32 (17% sobre precio neto); probabilidad de aceptación estimada 39%; riesgo de devolución alto (22%): condicionar la oferta a que el cliente no supere su cobertura objetivo. El 6% maximiza el margen esperado neto: USD 414 contra USD 176 sin oferta (+USD 239).",7,73
2026-01,EC,Ecuador,Farmacia Cadena,B,3.0,ADM-0064,Adium M064,N,Ético (Rx),Madurez,7.08,0.22,5.52,2.51,-1.709,Producto,1.05,0.00234,62.8,543.0,47.0,0.7481,0.089,89.08,106.73,187.88,117.72,70.16,1,"543 unidades vencen en menos de 180 días (usd 107 rescatables); elasticidad estimada -1.71 (nivel producto), con margen unitario de usd 2.51 (45% sobre precio neto); probabilidad de aceptación estimada 75%; riesgo de devolución controlado (9%). El 22% maximiza el margen esperado neto: USD 188 contra USD 118 sin oferta (+USD 70). NOTA: el óptimo cae en el borde del rango de descuentos con evidencia histórica. El modelo NO extrapola más allá — si se quiere explorar un descuento mayor, corresponde un test controlado sobre un subconjunto de clientes antes de generalizar.",7,64
2026-01,EC,Ecuador,Farmacia Cadena,C,1.0,ADM-0084,Adium G084,R,Ético (Rx),Lanzamiento,7.56,0.22,5.9,3.29,-2.619,Producto,0.8,0.02269,43.6,9169.0,105.0,0.7481,0.1098,258.44,205.22,435.29,249.02,186.27,1,"Está fuera de temporada (índice 0.80), por eso el descuento compensa la menor demanda natural; 9,169 unidades vencen en menos de 180 días (usd 205 rescatables); el sku aporta el 2.3% del margen de la filial (está entre los que mueven la aguja); elasticidad estimada -2.62 (nivel producto), con margen unitario de usd 3.29 (56% sobre precio neto); probabilidad de aceptación estimada 75%; riesgo de devolución controlado (11%). El 22% maximiza el margen esperado neto: USD 435 contra USD 249 sin oferta (+USD 186). NOTA: el óptimo cae en el borde del rango de descuentos con evidencia histórica. El modelo NO extrapola más allá — si se quiere explorar un descuento mayor, corresponde un test controlado sobre un subconjunto de clientes antes de generalizar.",7,84
2026-01,EC,Ecuador,Farmacia Cadena,C,2.0,ADM-0073,Adium V073,N,Ético (Rx),Crecimiento,8.44,0.06,7.93,1.32,-2.305,Producto,1.05,0.00203,41.0,1445.0,22.0,0.3889,0.2241,11.58,57.81,66.79,28.35,38.44,0,"1,445 unidades vencen en menos de 180 días (usd 58 rescatables); elasticidad estimada -2.30 (nivel producto), con margen unitario de usd 1.32 (17% sobre precio neto); probabilidad de aceptación estimada 39%; riesgo de devolución alto (22%): condicionar la oferta a que el cliente no supere su cobertura objetivo. El 6% maximiza el margen esperado neto: USD 67 contra USD 28 sin oferta (+USD 38).",7,73
2026-01,EC,Ecuador,Farmacia Independiente,A,1.0,ADM-0084,Adium G084,R,Ético (Rx),Lanzamiento,7.56,0.22,5.9,3.29,-2.619,Producto,0.8,0.02269,43.6,9169.0,229.0,0.8043,0.1098,605.54,480.85,1019.93,542.71,477.22,1,"Está fuera de temporada (índice 0.80), por eso el descuento compensa la menor demanda natural; 9,169 unidades vencen en menos de 180 días (usd 481 rescatables); el sku aporta el 2.3% del margen de la filial (está entre los que mueven la aguja); elasticidad estimada -2.62 (nivel producto), con margen unitario de usd 3.29 (56% sobre precio neto); probabilidad de aceptación estimada 80%; riesgo de devolución controlado (11%). El 22% maximiza el margen esperado neto: USD 1,020 contra USD 543 sin oferta (+USD 477). NOTA: el óptimo cae en el borde del rango de descuentos con evidencia histórica. El modelo NO extrapola más allá — si se quiere explorar un descuento mayor, corresponde un test controlado sobre un subconjunto de clientes antes de generalizar.",7,84
2026-01,EC,Ecuador,Farmacia Independiente,B,1.0,ADM-0084,Adium G084,R,Ético (Rx),Lanzamiento,7.56,0.22,5.9,3.29,-2.619,Producto,0.8,0.02269,43.6,9169.0,129.0,0.7481,0.1098,317.35,252.0,534.52,305.79,228.73,1,"Está fuera de temporada (índice 0.80), por eso el descuento compensa la menor demanda natural; 9,169 unidades vencen en menos de 180 días (usd 252 rescatables); el sku aporta el 2.3% del margen de la filial (está entre los que mueven la aguja); elasticidad estimada -2.62 (nivel producto), con margen unitario de usd 3.29 (56% sobre precio neto); probabilidad de aceptación estimada 75%; riesgo de devolución controlado (11%). El 22% maximiza el margen esperado neto: USD 535 contra USD 306 sin oferta (+USD 229). NOTA: el óptimo cae en el borde del rango de descuentos con evidencia histórica. El modelo NO extrapola más allá — si se quiere explorar un descuento mayor, corresponde un test controlado sobre un subconjunto de clientes antes de generalizar.",7,84
2026-01,EC,Ecuador,Farmacia Independiente,B,2.0,ADM-0073,Adium V073,N,Ético (Rx),Crecimiento,8.44,0.06,7.93,1.32,-2.305,Producto,1.05,0.00203,41.0,1445.0,63.0,0.3889,0.2241,32.25,161.08,186.1,78.98,107.12,0,"1,445 unidades vencen en menos de 180 días (usd 161 rescatables); elasticidad estimada -2.30 (nivel producto), con margen unitario de usd 1.32 (17% sobre precio neto); probabilidad de aceptación estimada 39%; riesgo de devolución alto (22%): condicionar la oferta a que el cliente no supere su cobertura objetivo. El 6% maximiza el margen esperado neto: USD 186 contra USD 79 sin oferta (+USD 107).",7,73
2026-01,EC,Ecuador,Farmacia Independiente,B,3.0,ADM-0064,Adium M064,N,Ético (Rx),Madurez,7.08,0.22,5.52,2.51,-1.709,Producto,1.05,0.00234,62.8,543.0,37.0,0.7481,0.089,68.97,82.63,145.45,91.14,54.31,1,"543 unidades vencen en menos de 180 días (usd 83 rescatables); elasticidad estimada -1.71 (nivel producto), con margen unitario de usd 2.51 (45% sobre precio neto); probabilidad de aceptación estimada 75%; riesgo de devolución controlado (9%). El 22% maximiza el margen esperado neto: USD 145 contra USD 91 sin oferta (+USD 54). NOTA: el óptimo cae en el borde del rango de descuentos con evidencia histórica. El modelo NO extrapola más allá — si se quiere explorar un descuento mayor, corresponde un test controlado sobre un subconjunto de clientes antes de generalizar.",7,64
2026-01,EC,Ecuador,Farmacia Independiente,C,1.0,ADM-0084,Adium G084,R,Ético (Rx),Lanzamiento,7.56,0.22,5.9,3.29,-2.619,Producto,0.8,0.02269,43.6,9169.0,72.0,0.8043,0.1098,190.02,150.9,320.06,170.31,149.76,1,"Está fuera de temporada (índice 0.80), por eso el descuento compensa la menor demanda natural; 9,169 unidades vencen en menos de 180 días (usd 151 rescatables); el sku aporta el 2.3% del margen de la filial (está entre los que mueven la aguja); elasticidad estimada -2.62 (nivel producto), con margen unitario de usd 3.29 (56% sobre precio neto); probabilidad de aceptación estimada 80%; riesgo de devolución controlado (11%). El 22% maximiza el margen esperado neto: USD 320 contra USD 170 sin oferta (+USD 150). NOTA: el óptimo cae en el borde del rango de descuentos con evidencia histórica. El modelo NO extrapola más allá — si se quiere explorar un descuento mayor, corresponde un test controlado sobre un subconjunto de clientes antes de generalizar.",7,84
2026-01,MX,México,Distribuidor,B,1.0,ADM-0084,Adium G084,R,Ético (Rx),Lanzamiento,7.56,0.22,5.9,3.29,-2.619,Producto,0.8,0.02757,30.0,0.0,868.0,0.8732,0.0981,2491.36,0.0,2247.03,2076.24,170.79,1,"Está fuera de temporada (índice 0.80), por eso el descuento compensa la menor demanda natural; el sku aporta el 2.8% del margen de la filial (está entre los que mueven la aguja); elasticidad estimada -2.62 (nivel producto), con margen unitario de usd 3.29 (56% sobre precio neto); probabilidad de aceptación estimada 87%; riesgo de devolución controlado (10%). El 22% maximiza el margen esperado neto: USD 2,247 contra USD 2,076 sin oferta (+USD 171). NOTA: el óptimo cae en el borde del rango de descuentos con evidencia histórica. El modelo NO extrapola más allá — si se quiere explorar un descuento mayor, corresponde un test controlado sobre un subconjunto de clientes antes de generalizar.",8,84
2026-01,MX,México,Distribuidor,B,2.0,ADM-0039,Adium N039,R,Ético (Rx),Madurez,7.25,0.22,5.66,3.99,-2.565,Producto,0.8,0.00282,30.0,0.0,206.0,0.8043,0.0608,658.82,0.0,618.74,578.63,40.12,1,"Está fuera de temporada (índice 0.80), por eso el descuento compensa la menor demanda natural; elasticidad estimada -2.57 (nivel producto), con margen unitario de usd 3.99 (70% sobre precio neto); probabilidad de aceptación estimada 80%; riesgo de devolución controlado (6%). El 22% maximiza el margen esperado neto: USD 619 contra USD 579 sin oferta (+USD 40). NOTA: el óptimo cae en el borde del rango de descuentos con evidencia histórica. El modelo NO extrapola más allá — si se quiere explorar un descuento mayor, corresponde un test controlado sobre un subconjunto de clientes antes de generalizar.",8,39
2026-01,MX,México,Distribuidor,B,3.0,ADM-0093,Adium P093,A,OTC,Madurez,9.35,0.22,7.29,5.61,-1.975,Producto,1.02,0.00416,30.0,0.0,133.0,0.8636,0.0699,645.38,0.0,600.26,592.25,8.01,1,"Elasticidad estimada -1.98 (nivel producto), con margen unitario de usd 5.61 (77% sobre precio neto); probabilidad de aceptación estimada 86%; riesgo de devolución controlado (7%). El 22% maximiza el margen esperado neto: USD 600 contra USD 592 sin oferta (+USD 8). NOTA: el óptimo cae en el borde del rango de descuentos con evidencia histórica. El modelo NO extrapola más allá — si se quiere explorar un descuento mayor, corresponde un test controlado sobre un subconjunto de clientes antes de generalizar.",8,93
2026-01,MX,México,Distribuidor,B,4.0,ADM-0118,Adium O118,A,OTC,Madurez,10.26,0.22,8.0,5.38,-2.364,Producto,1.02,0.00139,30.0,0.0,87.0,0.8732,0.0924,410.2,0.0,372.31,344.81,27.51,1,"Elasticidad estimada -2.36 (nivel producto), con margen unitario de usd 5.38 (67% sobre precio neto); probabilidad de aceptación estimada 87%; riesgo de devolución controlado (9%). El 22% maximiza el margen esperado neto: USD 372 contra USD 345 sin oferta (+USD 28). NOTA: el óptimo cae en el borde del rango de descuentos con evidencia histórica. El modelo NO extrapola más allá — si se quiere explorar un descuento mayor, corresponde un test controlado sobre un subconjunto de clientes antes de generalizar.",8,118
2026-01,MX,México,Distribuidor,C,1.0,ADM-0084,Adium G084,R,Ético (Rx),Lanzamiento,7.56,0.22,5.9,3.29,-2.619,Producto,0.8,0.02757,30.0,0.0,1215.0,0.8732,0.0981,3486.26,0.0,3144.35,2905.36,239.0,1,"Está fuera de temporada (índice 0.80), por eso el descuento compensa la menor demanda natural; el sku aporta el 2.8% del margen de la filial (está entre los que mueven la aguja); elasticidad estimada -2.62 (nivel producto), con margen unitario de usd 3.29 (56% sobre precio neto); probabilidad de aceptación estimada 87%; riesgo de devolución controlado (10%). El 22% maximiza el margen esperado neto: USD 3,144 contra USD 2,905 sin oferta (+USD 239). NOTA: el óptimo cae en el borde del rango de descuentos con evidencia histórica. El modelo NO extrapola más allá — si se quiere explorar un descuento mayor, corresponde un test controlado sobre un subconjunto de clientes antes de generalizar.",8,84
2026-01,MX,México,Distribuidor,C,2.0,ADM-0088,Adium K088,M,Ético (Rx),Madurez,57.9,0.22,45.16,34.33,-1.967,Producto,0.95,0.01771,30.0,0.0,52.0,0.8732,0.0727,1572.12,0.0,1457.88,1431.36,26.52,1,"Elasticidad estimada -1.97 (nivel producto), con margen unitario de usd 34.33 (76% sobre precio neto); probabilidad de aceptación estimada 87%; riesgo de devolución controlado (7%). El 22% maximiza el margen esperado neto: USD 1,458 contra USD 1,431 sin oferta (+USD 27). NOTA: el óptimo cae en el borde del rango de descuentos con evidencia histórica. El modelo NO extrapola más allá — si se quiere explorar un descuento mayor, corresponde un test controlado sobre un subconjunto de clientes antes de generalizar.",8,88
2026-01,MX,México,Distribuidor,C,3.0,ADM-0067,Adium P067,N,Ético (Rx),Crecimiento,41.72,0.22,32.54,15.63,-2.771,Producto,1.05,0.00371,30.0,0.0,126.0,0.8732,0.1977,1721.18,0.0,1380.9,1337.73,43.17,1,"Elasticidad estimada -2.77 (nivel producto), con margen unitario de usd 15.63 (48% sobre precio neto); probabilidad de aceptación estimada 87%; riesgo de devolución controlado (20%). El 22% maximiza el margen esperado neto: USD 1,381 contra USD 1,338 sin oferta (+USD 43). NOTA: el óptimo cae en el borde del rango de descuentos con evidencia histórica. El modelo NO extrapola más allá — si se quiere explorar un descuento mayor, corresponde un test controlado sobre un subconjunto de clientes antes de generalizar.",8,67
2026-01,MX,México,Distribuidor,C,4.0,ADM-0039,Adium N039,R,Ético (Rx),Madurez,7.25,0.22,5.66,3.99,-2.565,Producto,0.8,0.00282,30.0,0.0,237.0,0.8043,0.0608,760.88,0.0,714.59,668.26,46.33,1,"Está fuera de temporada (índice 0.80), por eso el descuento compensa la menor demanda natural; elasticidad estimada -2.57 (nivel producto), con margen unitario de usd 3.99 (70% sobre precio neto); probabilidad de aceptación estimada 80%; riesgo de devolución controlado (6%). El 22% maximiza el margen esperado neto: USD 715 contra USD 668 sin oferta (+USD 46). NOTA: el óptimo cae en el borde del rango de descuentos con evidencia histórica. El modelo NO extrapola más allá — si se quiere explorar un descuento mayor, corresponde un test controlado sobre un subconjunto de clientes antes de generalizar.",8,39
2026-01,MX,México,Distribuidor,C,5.0,ADM-0093,Adium P093,A,OTC,Madurez,9.35,0.22,7.29,5.61,-1.975,Producto,1.02,0.00416,30.0,0.0,144.0,0.8732,0.0699,705.93,0.0,656.58,640.69,15.89,1,"Elasticidad estimada -1.98 (nivel producto), con margen unitario de usd 5.61 (77% sobre precio neto); probabilidad de aceptación estimada 87%; riesgo de devolución controlado (7%). El 22% maximiza el margen esperado neto: USD 657 contra USD 641 sin oferta (+USD 16). NOTA: el óptimo cae en el borde del rango de descuentos con evidencia histórica. El modelo NO extrapola más allá — si se quiere explorar un descuento mayor, corresponde un test controlado sobre un subconjunto de clientes antes de generalizar.",8,93
2026-01,MX,México,Farmacia Cadena,A,1.0,ADM-0084,Adium G084,R,Ético (Rx),Lanzamiento,7.56,0.22,5.9,3.29,-2.619,Producto,0.8,0.02757,30.0,0.0,3078.0,0.8571,0.0981,8672.0,0.0,7821.51,7362.73,458.78,1,"Está fuera de temporada (índice 0.80), por eso el descuento compensa la menor demanda natural; el sku aporta el 2.8% del margen de la filial (está entre los que mueven la aguja); elasticidad estimada -2.62 (nivel producto), con margen unitario de usd 3.29 (56% sobre precio neto); probabilidad de aceptación estimada 86%; riesgo de devolución controlado (10%). El 22% maximiza el margen esperado neto: USD 7,822 contra USD 7,363 sin oferta (+USD 459). NOTA: el óptimo cae en el borde del rango de descuentos con evidencia histórica. El modelo NO extrapola más allá — si se quiere explorar un descuento mayor, corresponde un test controlado sobre un subconjunto de clientes antes de generalizar.",8,84
2026-01,MX,México,Farmacia Cadena,A,2.0,ADM-0114,Adium K114,C,Ético (Rx),Crecimiento,22.27,0.22,17.37,10.33,-2.882,Producto,1.0,0.00923,30.0,0.0,526.0,0.8732,0.0884,4740.69,0.0,4321.65,3651.61,670.04,1,"Elasticidad estimada -2.88 (nivel producto), con margen unitario de usd 10.33 (59% sobre precio neto); probabilidad de aceptación estimada 87%; riesgo de devolución controlado (9%). El 22% maximiza el margen esperado neto: USD 4,322 contra USD 3,652 sin oferta (+USD 670). NOTA: el óptimo cae en el borde del rango de descuentos con evidencia histórica. El modelo NO extrapola más allá — si se quiere explorar un descuento mayor, corresponde un test controlado sobre un subconjunto de clientes antes de generalizar.",8,114
2026-01,MX,México,Farmacia Cadena,A,3.0,ADM-0067,Adium P067,N,Ético (Rx),Crecimiento,41.72,0.22,32.54,15.63,-2.771,Producto,1.05,0.00371,30.0,0.0,146.0,0.8732,0.1977,1992.94,0.0,1598.94,1548.95,49.99,1,"Elasticidad estimada -2.77 (nivel producto), con margen unitario de usd 15.63 (48% sobre precio neto); probabilidad de aceptación estimada 87%; riesgo de devolución controlado (20%). El 22% maximiza el margen esperado neto: USD 1,599 contra USD 1,549 sin oferta (+USD 50). NOTA: el óptimo cae en el borde del rango de descuentos con evidencia histórica. El modelo NO extrapola más allá — si se quiere explorar un descuento mayor, corresponde un test controlado sobre un subconjunto de clientes antes de generalizar.",8,67
2026-01,MX,México,Farmacia Cadena,A,4.0,ADM-0093,Adium P093,A,OTC,Madurez,9.35,0.22,7.29,5.61,-1.975,Producto,1.02,0.00416,30.0,0.0,143.0,0.8732,0.0699,703.26,0.0,654.1,638.27,15.83,1,"Elasticidad estimada -1.98 (nivel producto), con margen unitario de usd 5.61 (77% sobre precio neto); probabilidad de aceptación estimada 87%; riesgo de devolución controlado (7%). El 22% maximiza el margen esperado neto: USD 654 contra USD 638 sin oferta (+USD 16). NOTA: el óptimo cae en el borde del rango de descuentos con evidencia histórica. El modelo NO extrapola más allá — si se quiere explorar un descuento mayor, corresponde un test controlado sobre un subconjunto de clientes antes de generalizar.",8,93
2026-01,MX,México,Farmacia Cadena,A,5.0,ADM-0119,Adium P119,C,Ético (Rx),Crecimiento,11.71,0.22,9.13,4.33,-2.525,Producto,1.0,0.00057,30.0,0.0,84.0,0.893,0.0697,324.91,0.0,302.28,293.57,8.7,1,"Elasticidad estimada -2.52 (nivel producto), con margen unitario de usd 4.33 (47% sobre precio neto); probabilidad de aceptación estimada 89%; riesgo de devolución controlado (7%). El 22% maximiza el margen esperado neto: USD 302 contra USD 294 sin oferta (+USD 9). NOTA: el óptimo cae en el borde del rango de descuentos con evidencia histórica. El modelo NO extrapola más allá — si se quiere explorar un descuento mayor, corresponde un test controlado sobre un subconjunto de clientes antes de generalizar.",8,119
2026-01,MX,México,Farmacia Cadena,B,1.0,ADM-0084,Adium G084,R,Ético (Rx),Lanzamiento,7.56,0.22,5.9,3.29,-2.619,Producto,0.8,0.02757,30.0,0.0,846.0,0.8571,0.0981,2383.34,0.0,2149.6,2023.51,126.09,1,"Está fuera de temporada (índice 0.80), por eso el descuento compensa la menor demanda natural; el sku aporta el 2.8% del margen de la filial (está entre los que mueven la aguja); elasticidad estimada -2.62 (nivel producto), con margen unitario de usd 3.29 (56% sobre precio neto); probabilidad de aceptación estimada 86%; riesgo de devolución controlado (10%). El 22% maximiza el margen esperado neto: USD 2,150 contra USD 2,024 sin oferta (+USD 126). NOTA: el óptimo cae en el borde del rango de descuentos con evidencia histórica. El modelo NO extrapola más allá — si se quiere explorar un descuento mayor, corresponde un test controlado sobre un subconjunto de clientes antes de generalizar.",8,84
2026-01,MX,México,Farmacia Cadena,B,2.0,ADM-0114,Adium K114,C,Ético (Rx),Crecimiento,22.27,0.22,17.37,10.33,-2.882,Producto,1.0,0.00923,30.0,0.0,98.0,0.8636,0.0884,873.21,0.0,796.02,680.09,115.94,1,"Elasticidad estimada -2.88 (nivel producto), con margen unitario de usd 10.33 (59% sobre precio neto); probabilidad de aceptación estimada 86%; riesgo de devolución controlado (9%). El 22% maximiza el margen esperado neto: USD 796 contra USD 680 sin oferta (+USD 116). NOTA: el óptimo cae en el borde del rango de descuentos con evidencia histórica. El modelo NO extrapola más allá — si se quiere explorar un descuento mayor, corresponde un test controlado sobre un subconjunto de clientes antes de generalizar.",8,114
2026-01,MX,México,Farmacia Cadena,B,3.0,ADM-0093,Adium P093,A,OTC,Madurez,9.35,0.22,7.29,5.61,-1.975,Producto,1.02,0.00416,30.0,0.0,62.0,0.8587,0.0699,297.88,0.0,277.05,274.93,2.12,1,"Elasticidad estimada -1.98 (nivel producto), con margen unitario de usd 5.61 (77% sobre precio neto); probabilidad de aceptación estimada 86%; riesgo de devolución controlado (7%). El 22% maximiza el margen esperado neto: USD 277 contra USD 275 sin oferta (+USD 2). NOTA: el óptimo cae en el borde del rango de descuentos con evidencia histórica. El modelo NO extrapola más allá — si se quiere explorar un descuento mayor, corresponde un test controlado sobre un subconjunto de clientes antes de generalizar.",8,93
2026-01,MX,México,Farmacia Cadena,B,4.0,ADM-0039,Adium N039,R,Ético (Rx),Madurez,7.25,0.22,5.66,3.99,-2.565,Producto,0.8,0.00282,30.0,0.0,75.0,0.8043,0.0608,239.48,0.0,224.91,210.33,14.58,1,"Está fuera de temporada (índice 0.80), por eso el descuento compensa la menor demanda natural; elasticidad estimada -2.57 (nivel producto), con margen unitario de usd 3.99 (70% sobre precio neto); probabilidad de aceptación estimada 80%; riesgo de devolución controlado (6%). El 22% maximiza el margen esperado neto: USD 225 contra USD 210 sin oferta (+USD 15). NOTA: el óptimo cae en el borde del rango de descuentos con evidencia histórica. El modelo NO extrapola más allá — si se quiere explorar un descuento mayor, corresponde un test controlado sobre un subconjunto de clientes antes de generalizar.",8,39
2026-01,MX,México,Farmacia Cadena,C,1.0,ADM-0084,Adium G084,R,Ético (Rx),Lanzamiento,7.56,0.22,5.9,3.29,-2.619,Producto,0.8,0.02757,30.0,0.0,936.0,0.8732,0.0981,2686.67,0.0,2423.19,2239.0,184.18,1,"Está fuera de temporada (índice 0.80), por eso el descuento compensa la menor demanda natural; el sku aporta el 2.8% del margen de la filial (está entre los que mueven la aguja); elasticidad estimada -2.62 (nivel producto), con margen unitario de usd 3.29 (56% sobre precio neto); probabilidad de aceptación estimada 87%; riesgo de devolución controlado (10%). El 22% maximiza el margen esperado neto: USD 2,423 contra USD 2,239 sin oferta (+USD 184). NOTA: el óptimo cae en el borde del rango de descuentos con evidencia histórica. El modelo NO extrapola más allá — si se quiere explorar un descuento mayor, corresponde un test controlado sobre un subconjunto de clientes antes de generalizar.",8,84
2026-01,MX,México,Farmacia Cadena,C,2.0,ADM-0093,Adium P093,A,OTC,Madurez,9.35,0.22,7.29,5.61,-1.975,Producto,1.02,0.00416,30.0,0.0,81.0,0.8732,0.0699,395.0,0.0,367.39,358.5,8.89,1,"Elasticidad estimada -1.98 (nivel producto), con margen unitario de usd 5.61 (77% sobre precio neto); probabilidad de aceptación estimada 87%; riesgo de devolución controlado (7%). El 22% maximiza el margen esperado neto: USD 367 contra USD 358 sin oferta (+USD 9). NOTA: el óptimo cae en el borde del rango de descuentos con evidencia histórica. El modelo NO extrapola más allá — si se quiere explorar un descuento mayor, corresponde un test controlado sobre un subconjunto de clientes antes de generalizar.",8,93
2026-01,MX,México,Farmacia Independiente,A,1.0,ADM-0084,Adium G084,R,Ético (Rx),Lanzamiento,7.56,0.22,5.9,3.29,-2.619,Producto,0.8,0.02757,30.0,0.0,1047.0,0.8732,0.0981,3004.86,0.0,2710.16,2504.17,205.99,1,"Está fuera de temporada (índice 0.80), por eso el descuento compensa la menor demanda natural; el sku aporta el 2.8% del margen de la filial (está entre los que mueven la aguja); elasticidad estimada -2.62 (nivel producto), con margen unitario de usd 3.29 (56% sobre precio neto); probabilidad de aceptación estimada 87%; riesgo de devolución controlado (10%). El 22% maximiza el margen esperado neto: USD 2,710 contra USD 2,504 sin oferta (+USD 206). NOTA: el óptimo cae en el borde del rango de descuentos con evidencia histórica. El modelo NO extrapola más allá — si se quiere explorar un descuento mayor, corresponde un test controlado sobre un subconjunto de clientes antes de generalizar.",8,84
2026-01,MX,México,Farmacia Independiente,A,2.0,ADM-0088,Adium K088,M,Ético (Rx),Madurez,57.9,0.22,45.16,34.33,-1.967,Producto,0.95,0.01771,30.0,0.0,44.0,0.8732,0.0727,1311.46,0.0,1216.16,1194.04,22.12,1,"Elasticidad estimada -1.97 (nivel producto), con margen unitario de usd 34.33 (76% sobre precio neto); probabilidad de aceptación estimada 87%; riesgo de devolución controlado (7%). El 22% maximiza el margen esperado neto: USD 1,216 contra USD 1,194 sin oferta (+USD 22). NOTA: el óptimo cae en el borde del rango de descuentos con evidencia histórica. El modelo NO extrapola más allá — si se quiere explorar un descuento mayor, corresponde un test controlado sobre un subconjunto de clientes antes de generalizar.",8,88
2026-01,MX,México,Farmacia Independiente,A,3.0,ADM-0114,Adium K114,C,Ético (Rx),Crecimiento,22.27,0.22,17.37,10.33,-2.882,Producto,1.0,0.00923,30.0,0.0,117.0,0.893,0.0884,1079.1,0.0,983.72,812.79,170.93,1,"Elasticidad estimada -2.88 (nivel producto), con margen unitario de usd 10.33 (59% sobre precio neto); probabilidad de aceptación estimada 89%; riesgo de devolución controlado (9%). El 22% maximiza el margen esperado neto: USD 984 contra USD 813 sin oferta (+USD 171). NOTA: el óptimo cae en el borde del rango de descuentos con evidencia histórica. El modelo NO extrapola más allá — si se quiere explorar un descuento mayor, corresponde un test controlado sobre un subconjunto de clientes antes de generalizar.",8,114
2026-01,MX,México,Farmacia Independiente,A,4.0,ADM-0118,Adium O118,A,OTC,Madurez,10.26,0.22,8.0,5.38,-2.364,Producto,1.02,0.00139,30.0,0.0,108.0,0.893,0.0924,518.96,0.0,471.03,426.56,44.46,1,"Elasticidad estimada -2.36 (nivel producto), con margen unitario de usd 5.38 (67% sobre precio neto); probabilidad de aceptación estimada 89%; riesgo de devolución controlado (9%). El 22% maximiza el margen esperado neto: USD 471 contra USD 427 sin oferta (+USD 44). NOTA: el óptimo cae en el borde del rango de descuentos con evidencia histórica. El modelo NO extrapola más allá — si se quiere explorar un descuento mayor, corresponde un test controlado sobre un subconjunto de clientes antes de generalizar.",8,118
2026-01,MX,México,Farmacia Independiente,A,5.0,ADM-0093,Adium P093,A,OTC,Madurez,9.35,0.22,7.29,5.61,-1.975,Producto,1.02,0.00416,30.0,0.0,68.0,0.893,0.0699,342.54,0.0,318.59,304.0,14.6,1,"Elasticidad estimada -1.98 (nivel producto), con margen unitario de usd 5.61 (77% sobre precio neto); probabilidad de aceptación estimada 89%; riesgo de devolución controlado (7%). El 22% maximiza el margen esperado neto: USD 319 contra USD 304 sin oferta (+USD 15). NOTA: el óptimo cae en el borde del rango de descuentos con evidencia histórica. El modelo NO extrapola más allá — si se quiere explorar un descuento mayor, corresponde un test controlado sobre un subconjunto de clientes antes de generalizar.",8,93
2026-01,MX,México,Farmacia Independiente,B,1.0,ADM-0084,Adium G084,R,Ético (Rx),Lanzamiento,7.56,0.22,5.9,3.29,-2.619,Producto,0.8,0.02757,30.0,0.0,516.0,0.8636,0.0981,1464.6,0.0,1320.96,1234.13,86.83,1,"Está fuera de temporada (índice 0.80), por eso el descuento compensa la menor demanda natural; el sku aporta el 2.8% del margen de la filial (está entre los que mueven la aguja); elasticidad estimada -2.62 (nivel producto), con margen unitario de usd 3.29 (56% sobre precio neto); probabilidad de aceptación estimada 86%; riesgo de devolución controlado (10%). El 22% maximiza el margen esperado neto: USD 1,321 contra USD 1,234 sin oferta (+USD 87). NOTA: el óptimo cae en el borde del rango de descuentos con evidencia histórica. El modelo NO extrapola más allá — si se quiere explorar un descuento mayor, corresponde un test controlado sobre un subconjunto de clientes antes de generalizar.",8,84
2026-01,MX,México,Farmacia Independiente,B,2.0,ADM-0039,Adium N039,R,Ético (Rx),Madurez,7.25,0.22,5.66,3.99,-2.565,Producto,0.8,0.00282,30.0,0.0,55.0,0.8626,0.0608,189.66,0.0,178.12,155.31,22.82,1,"Está fuera de temporada (índice 0.80), por eso el descuento compensa la menor demanda natural; elasticidad estimada -2.57 (nivel producto), con margen unitario de usd 3.99 (70% sobre precio neto); probabilidad de aceptación estimada 86%; riesgo de devolución controlado (6%). El 22% maximiza el margen esperado neto: USD 178 contra USD 155 sin oferta (+USD 23). NOTA: el óptimo cae en el borde del rango de descuentos con evidencia histórica. El modelo NO extrapola más allá — si se quiere explorar un descuento mayor, corresponde un test controlado sobre un subconjunto de clientes antes de generalizar.",8,39
2026-01,MX,México,Farmacia Independiente,C,1.0,ADM-0084,Adium G084,R,Ético (Rx),Lanzamiento,7.56,0.22,5.9,3.29,-2.619,Producto,0.8,0.02757,30.0,0.0,271.0,0.8732,0.0981,776.66,0.0,700.49,647.25,53.24,1,"Está fuera de temporada (índice 0.80), por eso el descuento compensa la menor demanda natural; el sku aporta el 2.8% del margen de la filial (está entre los que mueven la aguja); elasticidad estimada -2.62 (nivel producto), con margen unitario de usd 3.29 (56% sobre precio neto); probabilidad de aceptación estimada 87%; riesgo de devolución controlado (10%). El 22% maximiza el margen esperado neto: USD 700 contra USD 647 sin oferta (+USD 53). NOTA: el óptimo cae en el borde del rango de descuentos con evidencia histórica. El modelo NO extrapola más allá — si se quiere explorar un descuento mayor, corresponde un test controlado sobre un subconjunto de clientes antes de generalizar.",8,84
2026-01,MX,México,Farmacia Independiente,C,2.0,ADM-0114,Adium K114,C,Ético (Rx),Crecimiento,22.27,0.22,17.37,10.33,-2.882,Producto,1.0,0.00923,30.0,0.0,65.0,0.893,0.0884,604.05,0.0,550.65,454.97,95.68,1,"Elasticidad estimada -2.88 (nivel producto), con margen unitario de usd 10.33 (59% sobre precio neto); probabilidad de aceptación estimada 89%; riesgo de devolución controlado (9%). El 22% maximiza el margen esperado neto: USD 551 contra USD 455 sin oferta (+USD 96). NOTA: el óptimo cae en el borde del rango de descuentos con evidencia histórica. El modelo NO extrapola más allá — si se quiere explorar un descuento mayor, corresponde un test controlado sobre un subconjunto de clientes antes de generalizar.",8,114
2026-01,MX,México,Farmacia Independiente,C,3.0,ADM-0067,Adium P067,N,Ético (Rx),Crecimiento,41.72,0.22,32.54,15.63,-2.771,Producto,1.05,0.00371,30.0,0.0,32.0,0.893,0.1977,449.31,0.0,360.48,341.47,19.01,1,"Elasticidad estimada -2.77 (nivel producto), con margen unitario de usd 15.63 (48% sobre precio neto); probabilidad de aceptación estimada 89%; riesgo de devolución controlado (20%). El 22% maximiza el margen esperado neto: USD 360 contra USD 341 sin oferta (+USD 19). NOTA: el óptimo cae en el borde del rango de descuentos con evidencia histórica. El modelo NO extrapola más allá — si se quiere explorar un descuento mayor, corresponde un test controlado sobre un subconjunto de clientes antes de generalizar.",8,67
2026-01,MX,México,Farmacia Independiente,C,4.0,ADM-0093,Adium P093,A,OTC,Madurez,9.35,0.22,7.29,5.61,-1.975,Producto,1.02,0.00416,30.0,0.0,64.0,0.893,0.0699,320.7,0.0,298.28,284.62,13.67,1,"Elasticidad estimada -1.98 (nivel producto), con margen unitario de usd 5.61 (77% sobre precio neto); probabilidad de aceptación estimada 89%; riesgo de devolución controlado (7%). El 22% maximiza el margen esperado neto: USD 298 contra USD 285 sin oferta (+USD 14). NOTA: el óptimo cae en el borde del rango de descuentos con evidencia histórica. El modelo NO extrapola más allá — si se quiere explorar un descuento mayor, corresponde un test controlado sobre un subconjunto de clientes antes de generalizar.",8,93
2026-01,MX,México,Farmacia Independiente,C,5.0,ADM-0099,Adium V099,A,OTC,Madurez,10.55,0.22,8.23,3.18,-2.788,Producto,1.02,0.00574,30.0,0.0,21.0,0.893,0.0666,59.58,0.0,55.62,54.86,0.76,1,"Elasticidad estimada -2.79 (nivel producto), con margen unitario de usd 3.18 (39% sobre precio neto); probabilidad de aceptación estimada 89%; riesgo de devolución controlado (7%). El 22% maximiza el margen esperado neto: USD 56 contra USD 55 sin oferta (+USD 1). NOTA: el óptimo cae en el borde del rango de descuentos con evidencia histórica. El modelo NO extrapola más allá — si se quiere explorar un descuento mayor, corresponde un test controlado sobre un subconjunto de clientes antes de generalizar.",8,99
2026-01,MX,México,Institucional,A,1.0,ADM-0084,Adium G084,R,Ético (Rx),Lanzamiento,7.56,0.22,5.9,3.29,-2.619,Producto,0.8,0.02757,30.0,0.0,1318.0,0.8732,0.0981,3781.52,0.0,3410.65,3151.42,259.24,1,"Está fuera de temporada (índice 0.80), por eso el descuento compensa la menor demanda natural; el sku aporta el 2.8% del margen de la filial (está entre los que mueven la aguja); elasticidad estimada -2.62 (nivel producto), con margen unitario de usd 3.29 (56% sobre precio neto); probabilidad de aceptación estimada 87%; riesgo de devolución controlado (10%). El 22% maximiza el margen esperado neto: USD 3,411 contra USD 3,151 sin oferta (+USD 259). NOTA: el óptimo cae en el borde del rango de descuentos con evidencia histórica. El modelo NO extrapola más allá — si se quiere explorar un descuento mayor, corresponde un test controlado sobre un subconjunto de clientes antes de generalizar.",8,84
2026-01,MX,México,Institucional,A,2.0,ADM-0039,Adium N039,R,Ético (Rx),Madurez,7.25,0.22,5.66,3.99,-2.565,Producto,0.8,0.00282,30.0,0.0,126.0,0.8636,0.0608,434.01,0.0,407.61,354.98,52.62,1,"Está fuera de temporada (índice 0.80), por eso el descuento compensa la menor demanda natural; elasticidad estimada -2.57 (nivel producto), con margen unitario de usd 3.99 (70% sobre precio neto); probabilidad de aceptación estimada 86%; riesgo de devolución controlado (6%). El 22% maximiza el margen esperado neto: USD 408 contra USD 355 sin oferta (+USD 53). NOTA: el óptimo cae en el borde del rango de descuentos con evidencia histórica. El modelo NO extrapola más allá — si se quiere explorar un descuento mayor, corresponde un test controlado sobre un subconjunto de clientes antes de generalizar.",8,39
2026-01,MX,México,Institucional,B,1.0,ADM-0114,Adium K114,C,Ético (Rx),Crecimiento,22.27,0.22,17.37,10.33,-2.882,Producto,1.0,0.00923,30.0,0.0,47.0,0.8732,0.0884,424.54,0.0,387.01,327.01,60.0,1,"Elasticidad estimada -2.88 (nivel producto), con margen unitario de usd 10.33 (59% sobre precio neto); probabilidad de aceptación estimada 87%; riesgo de devolución controlado (9%). El 22% maximiza el margen esperado neto: USD 387 contra USD 327 sin oferta (+USD 60). NOTA: el óptimo cae en el borde del rango de descuentos con evidencia histórica. El modelo NO extrapola más allá — si se quiere explorar un descuento mayor, corresponde un test controlado sobre un subconjunto de clientes antes de generalizar.",8,114
2026-01,MX,México,Institucional,B,2.0,ADM-0118,Adium O118,A,OTC,Madurez,10.26,0.22,8.0,5.38,-2.364,Producto,1.02,0.00139,30.0,0.0,82.0,0.8732,0.0924,386.24,0.0,350.56,324.66,25.9,1,"Elasticidad estimada -2.36 (nivel producto), con margen unitario de usd 5.38 (67% sobre precio neto); probabilidad de aceptación estimada 87%; riesgo de devolución controlado (9%). El 22% maximiza el margen esperado neto: USD 351 contra USD 325 sin oferta (+USD 26). NOTA: el óptimo cae en el borde del rango de descuentos con evidencia histórica. El modelo NO extrapola más allá — si se quiere explorar un descuento mayor, corresponde un test controlado sobre un subconjunto de clientes antes de generalizar.",8,118
2026-01,MX,México,Institucional,B,3.0,ADM-0093,Adium P093,A,OTC,Madurez,9.35,0.22,7.29,5.61,-1.975,Producto,1.02,0.00416,30.0,0.0,48.0,0.8732,0.0699,234.87,0.0,218.45,213.16,5.29,1,"Elasticidad estimada -1.98 (nivel producto), con margen unitario de usd 5.61 (77% sobre precio neto); probabilidad de aceptación estimada 87%; riesgo de devolución controlado (7%). El 22% maximiza el margen esperado neto: USD 218 contra USD 213 sin oferta (+USD 5). NOTA: el óptimo cae en el borde del rango de descuentos con evidencia histórica. El modelo NO extrapola más allá — si se quiere explorar un descuento mayor, corresponde un test controlado sobre un subconjunto de clientes antes de generalizar.",8,93
2026-01,MX,México,Institucional,B,4.0,ADM-0039,Adium N039,R,Ético (Rx),Madurez,7.25,0.22,5.66,3.99,-2.565,Producto,0.8,0.00282,30.0,0.0,72.0,0.8043,0.0608,230.39,0.0,216.37,202.34,14.03,1,"Está fuera de temporada (índice 0.80), por eso el descuento compensa la menor demanda natural; elasticidad estimada -2.57 (nivel producto), con margen unitario de usd 3.99 (70% sobre precio neto); probabilidad de aceptación estimada 80%; riesgo de devolución controlado (6%). El 22% maximiza el margen esperado neto: USD 216 contra USD 202 sin oferta (+USD 14). NOTA: el óptimo cae en el borde del rango de descuentos con evidencia histórica. El modelo NO extrapola más allá — si se quiere explorar un descuento mayor, corresponde un test controlado sobre un subconjunto de clientes antes de generalizar.",8,39
2026-01,MX,México,Institucional,C,1.0,ADM-0084,Adium G084,R,Ético (Rx),Lanzamiento,7.56,0.22,5.9,3.29,-2.619,Producto,0.8,0.02757,30.0,0.0,139.0,0.8732,0.0981,399.79,0.0,360.58,333.18,27.41,1,"Está fuera de temporada (índice 0.80), por eso el descuento compensa la menor demanda natural; el sku aporta el 2.8% del margen de la filial (está entre los que mueven la aguja); elasticidad estimada -2.62 (nivel producto), con margen unitario de usd 3.29 (56% sobre precio neto); probabilidad de aceptación estimada 87%; riesgo de devolución controlado (10%). El 22% maximiza el margen esperado neto: USD 361 contra USD 333 sin oferta (+USD 27). NOTA: el óptimo cae en el borde del rango de descuentos con evidencia histórica. El modelo NO extrapola más allá — si se quiere explorar un descuento mayor, corresponde un test controlado sobre un subconjunto de clientes antes de generalizar.",8,84
2026-01,MX,México,Institucional,C,2.0,ADM-0114,Adium K114,C,Ético (Rx),Crecimiento,22.27,0.22,17.37,10.33,-2.882,Producto,1.0,0.00923,30.0,0.0,27.0,0.893,0.0884,245.39,0.0,223.7,184.83,38.87,1,"Elasticidad estimada -2.88 (nivel producto), con margen unitario de usd 10.33 (59% sobre precio neto); probabilidad de aceptación estimada 89%; riesgo de devolución controlado (9%). El 22% maximiza el margen esperado neto: USD 224 contra USD 185 sin oferta (+USD 39). NOTA: el óptimo cae en el borde del rango de descuentos con evidencia histórica. El modelo NO extrapola más allá — si se quiere explorar un descuento mayor, corresponde un test controlado sobre un subconjunto de clientes antes de generalizar.",8,114
2026-01,PE,Perú,Distribuidor,B,1.0,ADM-0073,Adium V073,N,Ético (Rx),Crecimiento,8.44,0.06,7.93,1.32,-2.305,Producto,1.05,0.00262,43.7,643.0,233.0,0.4423,0.4777,136.16,679.98,751.1,280.47,470.63,0,"643 unidades vencen en menos de 180 días (usd 680 rescatables); elasticidad estimada -2.30 (nivel producto), con margen unitario de usd 1.32 (17% sobre precio neto); probabilidad de aceptación estimada 44%; riesgo de devolución alto (48%): condicionar la oferta a que el cliente no supere su cobertura objetivo. El 6% maximiza el margen esperado neto: USD 751 contra USD 280 sin oferta (+USD 471).",5,73
2026-01,PE,Perú,Distribuidor,B,2.0,ADM-0114,Adium K114,C,Ético (Rx),Crecimiento,22.27,0.22,17.37,10.33,-2.882,Producto,1.0,0.00863,41.5,0.0,90.0,0.8043,0.1214,745.2,0.0,654.73,606.65,48.09,1,"Elasticidad estimada -2.88 (nivel producto), con margen unitario de usd 10.33 (59% sobre precio neto); probabilidad de aceptación estimada 80%; riesgo de devolución controlado (12%). El 22% maximiza el margen esperado neto: USD 655 contra USD 607 sin oferta (+USD 48). NOTA: el óptimo cae en el borde del rango de descuentos con evidencia histórica. El modelo NO extrapola más allá — si se quiere explorar un descuento mayor, corresponde un test controlado sobre un subconjunto de clientes antes de generalizar.",5,114
2026-01,PE,Perú,Distribuidor,B,3.0,ADM-0093,Adium P093,A,OTC,Madurez,9.35,0.22,7.29,5.61,-1.975,Producto,1.02,0.00391,23.4,0.0,69.0,0.8732,0.1049,336.29,0.0,300.99,296.72,4.27,1,"Atención: la cobertura es de solo 23 días — ofertar acá puede provocar quiebre de stock; elasticidad estimada -1.98 (nivel producto), con margen unitario de usd 5.61 (77% sobre precio neto); probabilidad de aceptación estimada 87%; riesgo de devolución controlado (10%). El 22% maximiza el margen esperado neto: USD 301 contra USD 297 sin oferta (+USD 4). NOTA: el óptimo cae en el borde del rango de descuentos con evidencia histórica. El modelo NO extrapola más allá — si se quiere explorar un descuento mayor, corresponde un test controlado sobre un subconjunto de clientes antes de generalizar.",5,93
2026-01,PE,Perú,Distribuidor,C,1.0,ADM-0114,Adium K114,C,Ético (Rx),Crecimiento,22.27,0.22,17.37,10.33,-2.882,Producto,1.0,0.00863,41.5,0.0,41.0,0.8636,0.1214,362.06,0.0,318.11,274.49,43.62,1,"Elasticidad estimada -2.88 (nivel producto), con margen unitario de usd 10.33 (59% sobre precio neto); probabilidad de aceptación estimada 86%; riesgo de devolución controlado (12%). El 22% maximiza el margen esperado neto: USD 318 contra USD 274 sin oferta (+USD 44). NOTA: el óptimo cae en el borde del rango de descuentos con evidencia histórica. El modelo NO extrapola más allá — si se quiere explorar un descuento mayor, corresponde un test controlado sobre un subconjunto de clientes antes de generalizar.",5,114
2026-01,PE,Perú,Distribuidor,C,2.0,ADM-0073,Adium V073,N,Ético (Rx),Crecimiento,8.44,0.06,7.93,1.32,-2.305,Producto,1.05,0.00262,43.7,643.0,95.0,0.4568,0.4777,57.18,285.56,315.42,114.04,201.38,0,"643 unidades vencen en menos de 180 días (usd 286 rescatables); elasticidad estimada -2.30 (nivel producto), con margen unitario de usd 1.32 (17% sobre precio neto); probabilidad de aceptación estimada 46%; riesgo de devolución alto (48%): condicionar la oferta a que el cliente no supere su cobertura objetivo. El 6% maximiza el margen esperado neto: USD 315 contra USD 114 sin oferta (+USD 201).",5,73
2026-01,PE,Perú,Distribuidor,C,3.0,ADM-0093,Adium P093,A,OTC,Madurez,9.35,0.22,7.29,5.61,-1.975,Producto,1.02,0.00391,23.4,0.0,63.0,0.893,0.1049,315.25,0.0,282.16,271.99,10.17,1,"Atención: la cobertura es de solo 23 días — ofertar acá puede provocar quiebre de stock; elasticidad estimada -1.98 (nivel producto), con margen unitario de usd 5.61 (77% sobre precio neto); probabilidad de aceptación estimada 89%; riesgo de devolución controlado (10%). El 22% maximiza el margen esperado neto: USD 282 contra USD 272 sin oferta (+USD 10). NOTA: el óptimo cae en el borde del rango de descuentos con evidencia histórica. El modelo NO extrapola más allá — si se quiere explorar un descuento mayor, corresponde un test controlado sobre un subconjunto de clientes antes de generalizar.",5,93
2026-01,PE,Perú,Farmacia Cadena,A,1.0,ADM-0114,Adium K114,C,Ético (Rx),Crecimiento,22.27,0.22,17.37,10.33,-2.882,Producto,1.0,0.00863,41.5,0.0,66.0,0.8043,0.1214,546.86,0.0,480.47,445.18,35.29,1,"Elasticidad estimada -2.88 (nivel producto), con margen unitario de usd 10.33 (59% sobre precio neto); probabilidad de aceptación estimada 80%; riesgo de devolución controlado (12%). El 22% maximiza el margen esperado neto: USD 480 contra USD 445 sin oferta (+USD 35). NOTA: el óptimo cae en el borde del rango de descuentos con evidencia histórica. El modelo NO extrapola más allá — si se quiere explorar un descuento mayor, corresponde un test controlado sobre un subconjunto de clientes antes de generalizar.",5,114
2026-01,PE,Perú,Farmacia Cadena,A,2.0,ADM-0073,Adium V073,N,Ético (Rx),Crecimiento,8.44,0.06,7.93,1.32,-2.305,Producto,1.05,0.00262,43.7,643.0,133.0,0.4423,0.4777,78.1,390.0,430.8,160.86,269.93,0,"643 unidades vencen en menos de 180 días (usd 390 rescatables); elasticidad estimada -2.30 (nivel producto), con margen unitario de usd 1.32 (17% sobre precio neto); probabilidad de aceptación estimada 44%; riesgo de devolución alto (48%): condicionar la oferta a que el cliente no supere su cobertura objetivo. El 6% maximiza el margen esperado neto: USD 431 contra USD 161 sin oferta (+USD 270).",5,73
2026-01,PE,Perú,Farmacia Cadena,A,3.0,ADM-0093,Adium P093,A,OTC,Madurez,9.35,0.22,7.29,5.61,-1.975,Producto,1.02,0.00391,23.4,0.0,65.0,0.893,0.1049,323.43,0.0,289.49,279.06,10.43,1,"Atención: la cobertura es de solo 23 días — ofertar acá puede provocar quiebre de stock; elasticidad estimada -1.98 (nivel producto), con margen unitario de usd 5.61 (77% sobre precio neto); probabilidad de aceptación estimada 89%; riesgo de devolución controlado (10%). El 22% maximiza el margen esperado neto: USD 289 contra USD 279 sin oferta (+USD 10). NOTA: el óptimo cae en el borde del rango de descuentos con evidencia histórica. El modelo NO extrapola más allá — si se quiere explorar un descuento mayor, corresponde un test controlado sobre un subconjunto de clientes antes de generalizar.",5,93
2026-01,PE,Perú,Farmacia Cadena,B,1.0,ADM-0073,Adium V073,N,Ético (Rx),Crecimiento,8.44,0.06,7.93,1.32,-2.305,Producto,1.05,0.00262,43.7,643.0,70.0,0.3889,0.4777,35.82,178.86,197.57,83.91,113.66,0,"643 unidades vencen en menos de 180 días (usd 179 rescatables); elasticidad estimada -2.30 (nivel producto), con margen unitario de usd 1.32 (17% sobre precio neto); probabilidad de aceptación estimada 39%; riesgo de devolución alto (48%): condicionar la oferta a que el cliente no supere su cobertura objetivo. El 6% maximiza el margen esperado neto: USD 198 contra USD 84 sin oferta (+USD 114).",5,73
2026-01,PE,Perú,Farmacia Cadena,C,1.0,ADM-0093,Adium P093,A,OTC,Madurez,9.35,0.22,7.29,5.61,-1.975,Producto,1.02,0.00391,23.4,0.0,42.0,0.8732,0.1049,205.51,0.0,183.94,181.33,2.61,1,"Atención: la cobertura es de solo 23 días — ofertar acá puede provocar quiebre de stock; elasticidad estimada -1.98 (nivel producto), con margen unitario de usd 5.61 (77% sobre precio neto); probabilidad de aceptación estimada 87%; riesgo de devolución controlado (10%). El 22% maximiza el margen esperado neto: USD 184 contra USD 181 sin oferta (+USD 3). NOTA: el óptimo cae en el borde del rango de descuentos con evidencia histórica. El modelo NO extrapola más allá — si se quiere explorar un descuento mayor, corresponde un test controlado sobre un subconjunto de clientes antes de generalizar.",5,93
2026-01,PE,Perú,Farmacia Cadena,C,2.0,ADM-0073,Adium V073,N,Ético (Rx),Crecimiento,8.44,0.06,7.93,1.32,-2.305,Producto,1.05,0.00262,43.7,643.0,59.0,0.3889,0.4777,30.37,151.69,167.55,71.16,96.39,0,"643 unidades vencen en menos de 180 días (usd 152 rescatables); elasticidad estimada -2.30 (nivel producto), con margen unitario de usd 1.32 (17% sobre precio neto); probabilidad de aceptación estimada 39%; riesgo de devolución alto (48%): condicionar la oferta a que el cliente no supere su cobertura objetivo. El 6% maximiza el margen esperado neto: USD 168 contra USD 71 sin oferta (+USD 96).",5,73
2026-01,PE,Perú,Farmacia Independiente,A,1.0,ADM-0114,Adium K114,C,Ético (Rx),Crecimiento,22.27,0.22,17.37,10.33,-2.882,Producto,1.0,0.00863,41.5,0.0,110.0,0.8732,0.1214,993.67,0.0,873.04,745.04,127.99,1,"Elasticidad estimada -2.88 (nivel producto), con margen unitario de usd 10.33 (59% sobre precio neto); probabilidad de aceptación estimada 87%; riesgo de devolución controlado (12%). El 22% maximiza el margen esperado neto: USD 873 contra USD 745 sin oferta (+USD 128). NOTA: el óptimo cae en el borde del rango de descuentos con evidencia histórica. El modelo NO extrapola más allá — si se quiere explorar un descuento mayor, corresponde un test controlado sobre un subconjunto de clientes antes de generalizar.",5,114
2026-01,PE,Perú,Farmacia Independiente,A,2.0,ADM-0071,Adium T071,C,Ético (Rx),Declive,17.44,0.2,13.95,6.68,-0.212,Producto,1.0,0.00427,78.1,563.0,72.0,0.7075,0.1933,342.0,372.1,648.0,640.08,7.92,0,"563 unidades vencen en menos de 180 días (usd 372 rescatables); elasticidad estimada -0.21 (nivel producto), con margen unitario de usd 6.68 (48% sobre precio neto); probabilidad de aceptación estimada 71%; riesgo de devolución controlado (19%). El 20% maximiza el margen esperado neto: USD 648 contra USD 640 sin oferta (+USD 8).",5,71
2026-01,PE,Perú,Farmacia Independiente,A,3.0,ADM-0073,Adium V073,N,Ético (Rx),Crecimiento,8.44,0.06,7.93,1.32,-2.305,Producto,1.05,0.00262,43.7,643.0,124.0,0.4423,0.4777,72.36,361.34,399.14,149.04,250.1,0,"643 unidades vencen en menos de 180 días (usd 361 rescatables); elasticidad estimada -2.30 (nivel producto), con margen unitario de usd 1.32 (17% sobre precio neto); probabilidad de aceptación estimada 44%; riesgo de devolución alto (48%): condicionar la oferta a que el cliente no supere su cobertura objetivo. El 6% maximiza el margen esperado neto: USD 399 contra USD 149 sin oferta (+USD 250).",5,73
2026-01,PE,Perú,Farmacia Independiente,A,4.0,ADM-0093,Adium P093,A,OTC,Madurez,9.35,0.22,7.29,5.61,-1.975,Producto,1.02,0.00391,23.4,0.0,33.0,0.893,0.1049,163.76,0.0,146.58,141.3,5.28,1,"Atención: la cobertura es de solo 23 días — ofertar acá puede provocar quiebre de stock; elasticidad estimada -1.98 (nivel producto), con margen unitario de usd 5.61 (77% sobre precio neto); probabilidad de aceptación estimada 89%; riesgo de devolución controlado (10%). El 22% maximiza el margen esperado neto: USD 147 contra USD 141 sin oferta (+USD 5). NOTA: el óptimo cae en el borde del rango de descuentos con evidencia histórica. El modelo NO extrapola más allá — si se quiere explorar un descuento mayor, corresponde un test controlado sobre un subconjunto de clientes antes de generalizar.",5,93
2026-01,PE,Perú,Farmacia Independiente,B,1.0,ADM-0114,Adium K114,C,Ético (Rx),Crecimiento,22.27,0.22,17.37,10.33,-2.882,Producto,1.0,0.00863,41.5,0.0,88.0,0.8043,0.1214,728.2,0.0,639.8,592.81,46.99,1,"Elasticidad estimada -2.88 (nivel producto), con margen unitario de usd 10.33 (59% sobre precio neto); probabilidad de aceptación estimada 80%; riesgo de devolución controlado (12%). El 22% maximiza el margen esperado neto: USD 640 contra USD 593 sin oferta (+USD 47). NOTA: el óptimo cae en el borde del rango de descuentos con evidencia histórica. El modelo NO extrapola más allá — si se quiere explorar un descuento mayor, corresponde un test controlado sobre un subconjunto de clientes antes de generalizar.",5,114
2026-01,PE,Perú,Farmacia Independiente,B,2.0,ADM-0073,Adium V073,N,Ético (Rx),Crecimiento,8.44,0.06,7.93,1.32,-2.305,Producto,1.05,0.00262,43.7,643.0,118.0,0.3889,0.4777,60.55,302.39,334.01,141.86,192.16,0,"643 unidades vencen en menos de 180 días (usd 302 rescatables); elasticidad estimada -2.30 (nivel producto), con margen unitario de usd 1.32 (17% sobre precio neto); probabilidad de aceptación estimada 39%; riesgo de devolución alto (48%): condicionar la oferta a que el cliente no supere su cobertura objetivo. El 6% maximiza el margen esperado neto: USD 334 contra USD 142 sin oferta (+USD 192).",5,73
2026-01,PE,Perú,Farmacia Independiente,B,3.0,ADM-0093,Adium P093,A,OTC,Madurez,9.35,0.22,7.29,5.61,-1.975,Producto,1.02,0.00391,23.4,0.0,19.0,0.8732,0.1049,93.41,0.0,83.61,82.42,1.19,1,"Atención: la cobertura es de solo 23 días — ofertar acá puede provocar quiebre de stock; elasticidad estimada -1.98 (nivel producto), con margen unitario de usd 5.61 (77% sobre precio neto); probabilidad de aceptación estimada 87%; riesgo de devolución controlado (10%). El 22% maximiza el margen esperado neto: USD 84 contra USD 82 sin oferta (+USD 1). NOTA: el óptimo cae en el borde del rango de descuentos con evidencia histórica. El modelo NO extrapola más allá — si se quiere explorar un descuento mayor, corresponde un test controlado sobre un subconjunto de clientes antes de generalizar.",5,93
2026-01,PE,Perú,Farmacia Independiente,C,1.0,ADM-0073,Adium V073,N,Ético (Rx),Crecimiento,8.44,0.06,7.93,1.32,-2.305,Producto,1.05,0.00262,43.7,643.0,53.0,0.4348,0.4777,30.31,151.36,167.19,63.51,103.68,0,"643 unidades vencen en menos de 180 días (usd 151 rescatables); elasticidad estimada -2.30 (nivel producto), con margen unitario de usd 1.32 (17% sobre precio neto); probabilidad de aceptación estimada 43%; riesgo de devolución alto (48%): condicionar la oferta a que el cliente no supere su cobertura objetivo. El 6% maximiza el margen esperado neto: USD 167 contra USD 64 sin oferta (+USD 104).",5,73
2026-01,PE,Perú,Farmacia Independiente,C,2.0,ADM-0071,Adium T071,C,Ético (Rx),Declive,17.44,0.2,13.95,6.68,-0.212,Producto,1.0,0.00427,78.1,563.0,10.0,0.7481,0.1933,52.41,57.02,99.3,92.77,6.54,0,"563 unidades vencen en menos de 180 días (usd 57 rescatables); elasticidad estimada -0.21 (nivel producto), con margen unitario de usd 6.68 (48% sobre precio neto); probabilidad de aceptación estimada 75%; riesgo de devolución controlado (19%). El 20% maximiza el margen esperado neto: USD 99 contra USD 93 sin oferta (+USD 7).",5,71
2026-01,PE,Perú,Institucional,A,1.0,ADM-0073,Adium V073,N,Ético (Rx),Crecimiento,8.44,0.06,7.93,1.32,-2.305,Producto,1.05,0.00262,43.7,643.0,259.0,0.4423,0.4777,151.35,755.84,834.9,311.76,523.14,0,"643 unidades vencen en menos de 180 días (usd 756 rescatables); elasticidad estimada -2.30 (nivel producto), con margen unitario de usd 1.32 (17% sobre precio neto); probabilidad de aceptación estimada 44%; riesgo de devolución alto (48%): condicionar la oferta a que el cliente no supere su cobertura objetivo. El 6% maximiza el margen esperado neto: USD 835 contra USD 312 sin oferta (+USD 523).",5,73
2026-01,PE,Perú,Institucional,A,2.0,ADM-0114,Adium K114,C,Ético (Rx),Crecimiento,22.27,0.22,17.37,10.33,-2.882,Producto,1.0,0.00863,41.5,0.0,92.0,0.8732,0.1214,833.7,0.0,732.49,625.1,107.39,1,"Elasticidad estimada -2.88 (nivel producto), con margen unitario de usd 10.33 (59% sobre precio neto); probabilidad de aceptación estimada 87%; riesgo de devolución controlado (12%). El 22% maximiza el margen esperado neto: USD 732 contra USD 625 sin oferta (+USD 107). NOTA: el óptimo cae en el borde del rango de descuentos con evidencia histórica. El modelo NO extrapola más allá — si se quiere explorar un descuento mayor, corresponde un test controlado sobre un subconjunto de clientes antes de generalizar.",5,114
2026-01,PE,Perú,Institucional,A,3.0,ADM-0093,Adium P093,A,OTC,Madurez,9.35,0.22,7.29,5.61,-1.975,Producto,1.02,0.00391,23.4,0.0,42.0,0.893,0.1049,212.89,0.0,190.55,183.68,6.87,1,"Atención: la cobertura es de solo 23 días — ofertar acá puede provocar quiebre de stock; elasticidad estimada -1.98 (nivel producto), con margen unitario de usd 5.61 (77% sobre precio neto); probabilidad de aceptación estimada 89%; riesgo de devolución controlado (10%). El 22% maximiza el margen esperado neto: USD 191 contra USD 184 sin oferta (+USD 7). NOTA: el óptimo cae en el borde del rango de descuentos con evidencia histórica. El modelo NO extrapola más allá — si se quiere explorar un descuento mayor, corresponde un test controlado sobre un subconjunto de clientes antes de generalizar.",5,93
2026-01,PE,Perú,Institucional,B,1.0,ADM-0073,Adium V073,N,Ético (Rx),Crecimiento,8.44,0.06,7.93,1.32,-2.305,Producto,1.05,0.00262,43.7,643.0,147.0,0.4423,0.4777,85.86,428.78,473.63,176.86,296.77,0,"643 unidades vencen en menos de 180 días (usd 429 rescatables); elasticidad estimada -2.30 (nivel producto), con margen unitario de usd 1.32 (17% sobre precio neto); probabilidad de aceptación estimada 44%; riesgo de devolución alto (48%): condicionar la oferta a que el cliente no supere su cobertura objetivo. El 6% maximiza el margen esperado neto: USD 474 contra USD 177 sin oferta (+USD 297).",5,73
2026-01,PE,Perú,Institucional,B,2.0,ADM-0093,Adium P093,A,OTC,Madurez,9.35,0.22,7.29,5.61,-1.975,Producto,1.02,0.00391,23.4,0.0,32.0,0.8732,0.1049,158.8,0.0,142.14,140.12,2.02,1,"Atención: la cobertura es de solo 23 días — ofertar acá puede provocar quiebre de stock; elasticidad estimada -1.98 (nivel producto), con margen unitario de usd 5.61 (77% sobre precio neto); probabilidad de aceptación estimada 87%; riesgo de devolución controlado (10%). El 22% maximiza el margen esperado neto: USD 142 contra USD 140 sin oferta (+USD 2). NOTA: el óptimo cae en el borde del rango de descuentos con evidencia histórica. El modelo NO extrapola más allá — si se quiere explorar un descuento mayor, corresponde un test controlado sobre un subconjunto de clientes antes de generalizar.",5,93
2026-01,PE,Perú,Institucional,C,1.0,ADM-0073,Adium V073,N,Ético (Rx),Crecimiento,8.44,0.06,7.93,1.32,-2.305,Producto,1.05,0.00262,43.7,643.0,32.0,0.4423,0.4777,18.79,93.85,103.66,38.71,64.96,0,"643 unidades vencen en menos de 180 días (usd 94 rescatables); elasticidad estimada -2.30 (nivel producto), con margen unitario de usd 1.32 (17% sobre precio neto); probabilidad de aceptación estimada 44%; riesgo de devolución alto (48%): condicionar la oferta a que el cliente no supere su cobertura objetivo. El 6% maximiza el margen esperado neto: USD 104 contra USD 39 sin oferta (+USD 65).",5,73
2026-01,PY,Paraguay,Farmacia Independiente,C,1.0,ADM-0038,Adium M038,N,Ético (Rx),Madurez,71.66,0.22,55.89,14.66,-1.828,Producto,1.05,0.01079,63.7,52.0,4.0,0.8571,0.4859,49.5,139.16,164.6,48.28,116.32,1,"52 unidades vencen en menos de 180 días (usd 139 rescatables); elasticidad estimada -1.83 (nivel producto), con margen unitario de usd 14.66 (26% sobre precio neto); probabilidad de aceptación estimada 86%; riesgo de devolución alto (49%): condicionar la oferta a que el cliente no supere su cobertura objetivo. El 22% maximiza el margen esperado neto: USD 165 contra USD 48 sin oferta (+USD 116). NOTA: el óptimo cae en el borde del rango de descuentos con evidencia histórica. El modelo NO extrapola más allá — si se quiere explorar un descuento mayor, corresponde un test controlado sobre un subconjunto de clientes antes de generalizar.",4,38
2026-01,UY,Uruguay,Distribuidor,B,1.0,ADM-0084,Adium G084,R,Ético (Rx),Lanzamiento,7.56,0.22,5.9,3.29,-2.619,Producto,0.8,0.03095,30.0,0.0,952.0,0.8732,0.1324,2731.61,0.0,2369.81,2212.93,156.88,1,"Está fuera de temporada (índice 0.80), por eso el descuento compensa la menor demanda natural; el sku aporta el 3.1% del margen de la filial (está entre los que mueven la aguja); elasticidad estimada -2.62 (nivel producto), con margen unitario de usd 3.29 (56% sobre precio neto); probabilidad de aceptación estimada 87%; riesgo de devolución controlado (13%). El 22% maximiza el margen esperado neto: USD 2,370 contra USD 2,213 sin oferta (+USD 157). NOTA: el óptimo cae en el borde del rango de descuentos con evidencia histórica. El modelo NO extrapola más allá — si se quiere explorar un descuento mayor, corresponde un test controlado sobre un subconjunto de clientes antes de generalizar.",1,84
2026-01,UY,Uruguay,Distribuidor,B,2.0,ADM-0114,Adium K114,C,Ético (Rx),Crecimiento,22.27,0.22,17.37,10.33,-2.882,Producto,1.0,0.00956,30.0,0.0,37.0,0.8732,0.1247,332.25,0.0,290.81,248.43,42.38,1,"Elasticidad estimada -2.88 (nivel producto), con margen unitario de usd 10.33 (59% sobre precio neto); probabilidad de aceptación estimada 87%; riesgo de devolución controlado (12%). El 22% maximiza el margen esperado neto: USD 291 contra USD 248 sin oferta (+USD 42). NOTA: el óptimo cae en el borde del rango de descuentos con evidencia histórica. El modelo NO extrapola más allá — si se quiere explorar un descuento mayor, corresponde un test controlado sobre un subconjunto de clientes antes de generalizar.",1,114
2026-01,UY,Uruguay,Distribuidor,B,3.0,ADM-0093,Adium P093,A,OTC,Madurez,9.35,0.22,7.29,5.61,-1.975,Producto,1.02,0.00354,30.0,0.0,28.0,0.8732,0.1078,136.12,0.0,121.45,119.82,1.62,1,"Elasticidad estimada -1.98 (nivel producto), con margen unitario de usd 5.61 (77% sobre precio neto); probabilidad de aceptación estimada 87%; riesgo de devolución controlado (11%). El 22% maximiza el margen esperado neto: USD 121 contra USD 120 sin oferta (+USD 2). NOTA: el óptimo cae en el borde del rango de descuentos con evidencia histórica. El modelo NO extrapola más allá — si se quiere explorar un descuento mayor, corresponde un test controlado sobre un subconjunto de clientes antes de generalizar.",1,93
2026-01,UY,Uruguay,Distribuidor,C,1.0,ADM-0084,Adium G084,R,Ético (Rx),Lanzamiento,7.56,0.22,5.9,3.29,-2.619,Producto,0.8,0.03095,30.0,0.0,270.0,0.8636,0.1324,765.4,0.0,664.02,626.96,37.06,1,"Está fuera de temporada (índice 0.80), por eso el descuento compensa la menor demanda natural; el sku aporta el 3.1% del margen de la filial (está entre los que mueven la aguja); elasticidad estimada -2.62 (nivel producto), con margen unitario de usd 3.29 (56% sobre precio neto); probabilidad de aceptación estimada 86%; riesgo de devolución controlado (13%). El 22% maximiza el margen esperado neto: USD 664 contra USD 627 sin oferta (+USD 37). NOTA: el óptimo cae en el borde del rango de descuentos con evidencia histórica. El modelo NO extrapola más allá — si se quiere explorar un descuento mayor, corresponde un test controlado sobre un subconjunto de clientes antes de generalizar.",1,84
2026-01,UY,Uruguay,Farmacia Independiente,C,1.0,ADM-0084,Adium G084,R,Ético (Rx),Lanzamiento,7.56,0.22,5.9,3.29,-2.619,Producto,0.8,0.03095,30.0,0.0,18.0,0.8732,0.1324,51.35,0.0,44.55,41.6,2.95,1,"Está fuera de temporada (índice 0.80), por eso el descuento compensa la menor demanda natural; el sku aporta el 3.1% del margen de la filial (está entre los que mueven la aguja); elasticidad estimada -2.62 (nivel producto), con margen unitario de usd 3.29 (56% sobre precio neto); probabilidad de aceptación estimada 87%; riesgo de devolución controlado (13%). El 22% maximiza el margen esperado neto: USD 45 contra USD 42 sin oferta (+USD 3). NOTA: el óptimo cae en el borde del rango de descuentos con evidencia histórica. El modelo NO extrapola más allá — si se quiere explorar un descuento mayor, corresponde un test controlado sobre un subconjunto de clientes antes de generalizar.",1,84
